date,sp500,wti,eurusd
2016-07-12,0.698485,4.566604,0.262218
2016-07-13,0.013474,-4.254104,0.342559
2016-07-14,0.524539,1.701511,-0.027001
2016-07-15,-0.092937,0.633397,-0.451101
2016-07-18,0.237951,-1.535791,0.153603
2016-07-19,-0.143627,-1.313027,-0.561341
2016-07-20,0.426121,0.714289,-0.063576
2016-07-21,-0.361902,-2.249308,0.081733
2016-07-22,0.454358,-1.25903,-0.436682
2016-07-25,-0.3016,-2.354147,0.109349
2016-07-26,0.032275,-0.567646,0.036423
2016-07-27,-0.119933,-0.618608,0.03641
2016-07-28,0.160493,-1.854804,0.960065
2016-07-29,0.162996,0.991904,0.664812
2016-08-01,-0.127059,-3.652814,0.071608
2016-08-02,-0.638191,-1.3828,0.437481
2016-08-03,0.312904,3.238141,-0.491182
2016-08-04,0.021257,2.708096,-0.322812
2016-08-05,0.856664,-0.214925,-0.486181
2016-08-08,-0.090747,2.898071,-0.018052
2016-08-09,0.038967,-0.652379,0.288444
2016-08-10,-0.28688,-2.437125,0.547553
2016-08-11,0.472339,4.129135,-0.026859
2016-08-12,-0.079637,2.182401,0.03581
2016-08-15,0.278908,2.772103,0.241384
2016-08-16,-0.549414,1.842072,0.694076
2016-08-17,0.186681,0.51403,-0.124224
2016-08-18,0.219718,2.926217,0.628404
2016-08-19,-0.144135,0.579232,-0.070609
2016-08-22,-0.056338,-3.526814,-0.106007
2016-08-23,0.194986,1.568826,-0.053046
2016-08-24,-0.525407,-2.664551,-0.460912
2016-08-25,-0.136617,1.458314,0.159787
2016-08-26,-0.15801,1.416364,-0.328728
2016-08-29,0.52145,-1.416364,-0.490656
2016-08-30,-0.19557,-1.393527,-0.286584
2016-08-31,-0.237861,-3.604786,-0.035881
2016-09-01,-0.004146,-3.438016,0.429723
2016-09-02,0.41923,2.786841,-0.322119
2016-09-06,0.297724,1.030937,0.705518
2016-09-07,-0.014636,1.372918,0.008899
2016-09-08,-0.222555,4.641005,0.160043
2016-09-09,-2.482775,-3.743352,-0.373832
2016-09-12,1.45704,0.868061,0.142577
2016-09-13,-1.494174,-3.004942,0.1068
2016-09-14,-0.058785,-2.914473,0.257629
2016-09-15,1.005852,0.525896,-0.222055
2016-09-16,-0.377938,-1.86448,-0.767655
2016-09-19,-0.00187,0.694608,0.170106
2016-09-20,0.029914,1.169872,-0.062637
2016-09-21,1.085795,3.319435,-0.062676
2016-09-22,0.647884,1.684389,0.571583
2016-09-23,-0.57533,-3.847479,-0.053447
2016-09-26,-0.862492,2.756955,0.417908
2016-09-27,0.642357,-2.105341,-0.551652
2016-09-28,0.528249,5.278155,-0.071403
2016-09-29,-0.936502,1.371474,0.392087
2016-09-30,0.793633,0.0,-0.053376
2016-10-03,-0.326599,2.237972,-0.249466
2016-10-04,-0.49679,-0.266749,0.01784
2016-10-05,0.428749,2.194764,-0.142806
2016-10-06,0.048143,1.377405,-0.339984
2016-10-07,-0.325877,-1.357306,-0.017926
2016-10-11,-0.792924,1.910886,-0.846166
2016-10-12,0.114596,-1.150122,-0.434862
2016-10-13,-0.310413,0.656001,0.217667
2016-10-14,0.020162,-0.238048,-0.481316
2016-10-17,-0.304263,-0.757579,0.136457
2016-10-18,0.614146,0.658225,-0.027276
2016-10-19,0.21896,2.532278,-0.282293
2016-10-20,-0.137669,-2.512399,-0.292238
2016-10-21,-0.008406,0.594532,-0.623855
2016-10-24,0.473852,-0.853264,0.202262
2016-10-25,-0.380488,-1.465448,0.018367
2016-10-26,-0.174194,-1.425686,0.238467
2016-10-27,-0.299125,1.950092,-0.109991
2016-10-28,-0.311308,-2.01165,0.274751
2016-10-31,-0.012228,-3.95656,0.255755
2016-11-01,-0.681005,-0.363676,0.727144
2016-11-02,-0.654687,-2.913883,0.694917
2016-11-03,-0.44332,-1.467019,-0.225094
2016-11-04,-0.166753,-1.329897,0.243079
2016-11-07,2.198016,1.821298,-0.749135
2016-11-08,0.376486,0.178094,-0.036245
2016-11-09,1.101614,0.532388,-0.745933
2016-11-10,0.194886,-1.29149,-0.641204
2016-11-14,-0.151442,-3.026053,-1.471908
2016-11-15,0.745298,5.767162,0.027973
2016-11-16,-0.158354,-0.656314,-0.252042
2016-11-17,0.466539,-0.417904,-0.402717
2016-11-18,-0.238955,0.702836,-0.526911
2016-11-21,0.743369,3.842911,-0.028306
2016-11-22,0.216309,1.234971,0.197973
2016-11-23,0.080768,-2.848594,-0.54774
2016-11-25,0.390669,0.0,0.330891
2016-11-28,-0.526833,-2.29497,-0.179491
2016-11-29,0.133443,-0.813638,0.471654
2016-11-30,-0.2657,8.706658,-0.452746
2016-12-01,-0.352173,3.32402,0.528004
2016-12-02,0.039699,1.206475,0.30047
2016-12-05,0.580442,0.038677,0.532986
2016-12-06,0.340508,-1.499979,-0.05597
2016-12-07,1.307731,-2.182626,0.38184
2016-12-08,0.215708,1.966495,-1.243995
2016-12-09,0.592138,1.309252,-0.79373
2016-12-12,-0.113805,2.359822,0.614746
2016-12-13,0.651848,0.472904,0.273057
2016-12-14,-0.815032,-3.808152,0.197267
2016-12-15,0.387571,-0.215877,-2.672405
2016-12-16,-0.175217,2.003373,0.777691
2016-12-19,0.197319,0.384394,-0.114833
2016-12-20,0.363092,0.172496,-0.518385
2016-12-21,-0.246035,-1.504948,0.336296
2016-12-22,-0.186472,1.044295,0.258658
2016-12-23,0.12509,0.057698,-0.028707
2016-12-27,0.224592,1.54539,0.086096
2016-12-28,-0.839166,2.227931,-0.661968
2016-12-29,-0.029339,-0.389575,0.929348
2016-12-30,-0.464787,-0.09298,0.627438
2017-01-03,0.845077,-2.620073,-1.297233
2017-01-04,0.5706,1.704264,0.574384
2017-01-05,-0.077097,0.953011,1.157838
2017-01-06,0.35108,0.389792,-0.359203
2017-01-09,-0.355487,-3.833189,0.1514
2017-01-10,0.0,-2.199174,-0.037829
2017-01-11,0.282557,2.660093,-0.673851
2017-01-12,-0.214706,1.558967,1.559062
2017-01-13,0.184815,-1.233763,-0.38514
2017-01-17,-0.297191,0.171739,0.656663
2017-01-18,0.17622,-2.568452,-0.121626
2017-01-19,-0.361586,0.526779,-0.487989
2017-01-23,0.066683,2.649925,1.02949
2017-01-24,0.654309,-0.741801,0.083764
2017-01-25,0.799403,-0.459243,-0.055835
2017-01-26,-0.073557,2.087759,-0.681831
2017-01-27,-0.086684,-0.112761,0.187266
2017-01-30,-0.602766,-1.039609,-0.084226
2017-01-31,-0.08904,0.227747,1.052396
2017-02-01,0.029835,2.156671,-0.334076
2017-02-02,0.057013,-0.651468,0.408164
2017-02-03,0.723857,0.484353,-0.092618
2017-02-06,-0.211766,-1.497875,-0.566837
2017-02-07,0.022679,-1.558967,-0.382802
2017-02-08,0.069315,0.3443,0.16824
2017-02-09,0.573598,1.176931,-0.468034
2017-02-10,0.355972,1.591347,-0.075089
2017-02-13,0.523218,-1.647977,-0.442291
2017-02-14,0.399929,0.470944,-0.245515
2017-02-15,0.497992,-0.188111,0.188911
2017-02-16,-0.086448,0.563276,0.592748
2017-02-17,0.167717,0.0,-0.432453
2017-02-21,0.602986,1.135635,-0.595324
2017-02-22,-0.108286,-0.761873,0.037904
2017-02-23,0.04189,1.609804,0.293269
2017-02-24,0.149224,-0.903482,-0.056695
2017-02-27,0.10175,0.092567,0.415017
2017-02-28,-0.258166,-0.074047,-0.056492
2017-03-01,1.358118,-0.33389,-0.509868
2017-03-02,-0.58771,-2.235885,-0.474429
2017-03-03,0.050367,1.321273,0.360771
2017-03-06,-0.32826,-0.262862,0.321696
2017-03-07,-0.291756,-0.963453,-0.037793
2017-03-08,-0.228687,-5.561866,-0.331299
2017-03-09,0.079952,-2.191201,0.369091
2017-03-10,0.326335,-1.446306,0.762249
2017-03-13,0.036662,-0.208333,0.02812
2017-03-14,-0.338474,-1.491781,-0.234577
2017-03-15,0.833985,2.301838,-0.141011
2017-03-16,-0.162798,-0.082781,1.010866
2017-03-17,-0.131523,0.082781,0.037244
2017-03-20,-0.20119,-1.144296,0.111649
2017-03-21,-1.248562,-1.624337,0.519385
2017-03-22,0.188813,0.572581,-0.09255
2017-03-23,-0.106084,-0.615125,-0.120443
2017-03-24,-0.084436,0.636269,0.175983
2017-03-27,-0.102015,-0.593725,0.700851
2017-03-28,0.722532,2.809998,-0.276065
2017-03-29,0.108481,2.26934,-0.888566
2017-03-30,0.293074,1.663865,-0.279304
2017-03-31,-0.225756,0.476002,-0.261389
2017-04-03,-0.164352,-0.575456,-0.402754
2017-04-04,0.055944,1.461899,0.084432
2017-04-05,-0.305955,0.293743,-0.028136
2017-04-06,0.192763,1.069737,-0.093844
2017-04-07,-0.082749,1.077555,-0.329149
2017-04-10,0.06875,1.538346,-0.094242
2017-04-11,-0.143496,0.60128,0.075401
2017-04-12,-0.3767,-0.488264,-0.028269
2017-04-13,-0.683803,0.13169,0.178899
2017-04-17,0.857644,-1.077413,0.281823
2017-04-18,-0.290757,-0.30453,0.430591
2017-04-19,-0.171782,-3.827568,0.00934
2017-04-20,0.752878,-0.456576,0.475193
2017-04-21,-0.303963,-1.241257,-0.596683
2017-04-24,1.078175,-1.501956,1.411351
2017-04-25,0.607213,0.652265,0.872085
2017-04-26,-0.048576,0.0,-0.632652
2017-04-27,0.055274,-0.529641,-0.073611
2017-04-28,-0.191495,0.712326,0.28494
2017-05-01,0.173074,-0.978202,0.155913
2017-05-02,0.118841,-2.446225,-0.01833
2017-05-03,-0.127215,0.293378,0.091617
2017-05-04,0.058188,-4.800579,0.429479
2017-05-05,0.408035,1.481831,0.264081
2017-05-08,0.003751,0.496279,-0.620327
2017-05-09,-0.102579,-1.343465,-0.486173
2017-05-10,0.112998,3.09303,-0.018392
2017-05-11,-0.216518,1.114745,-0.036795
2017-05-12,-0.147952,0.041824,0.523057
2017-05-15,0.476507,2.130601,0.483909
2017-05-16,-0.068707,-0.451283,0.843504
2017-05-17,-1.834551,0.819005,0.558409
2017-05-18,0.368006,0.650409,-0.035932
2017-05-19,0.67447,1.926223,0.537636
2017-05-22,0.514685,0.969057,0.410239
2017-05-23,0.183623,0.608262,-0.338772
2017-05-24,0.248605,-0.254628,-0.205605
2017-05-25,0.443204,-4.862348,0.384049
2017-05-26,0.03105,2.058147,-0.428802
2017-05-30,-0.120529,0.100796,0.116315
2017-05-31,-0.046013,-2.737099,0.472814
2017-06-01,0.754259,0.062105,-0.195991
2017-06-02,0.370087,-1.333353,0.498133
2017-06-05,-0.121842,-0.588979,-0.17762
2017-06-06,-0.27829,1.528345,0.142121
2017-06-07,0.156711,-4.962159,-0.266643
2017-06-08,0.026711,-0.262353,-0.169242
2017-06-09,-0.083033,0.306011,-0.240996
2017-06-12,-0.097919,0.609227,0.125034
2017-06-13,0.450127,0.6702,-0.089294
2017-06-14,-0.099625,-3.553005,0.738733
2017-06-15,-0.224213,-0.71701,-1.11464
2017-06-16,0.028362,0.582961,0.375907
2017-06-19,0.831256,-1.101506,-0.304196
2017-06-20,-0.671919,-2.055336,-0.323102
2017-06-21,-0.058285,-2.004262,0.170656
2017-06-22,-0.045584,0.117633,0.044861
2017-06-23,0.155968,0.772928,0.429646
2017-06-26,0.031574,0.8827,0.0
2017-06-27,-0.810551,2.308938,0.924615
2017-06-28,0.876948,1.101258,0.564774
2017-06-29,-0.863722,0.312431,0.491574
2017-06-30,0.153207,2.508382,-0.07884
2017-07-05,0.376034,-1.997213,-0.65943
2017-07-06,-0.941297,0.904784,0.641902
2017-07-07,0.638274,-2.829642,-0.11401
2017-07-10,0.092734,0.33841,0.0
2017-07-11,-0.078303,1.475547,0.297906
2017-07-12,0.727906,0.927773,-0.166368
2017-07-13,0.18728,1.267223,-0.22811
2017-07-14,0.466264,1.015237,0.586769
2017-07-17,-0.005286,-1.102118,0.157054
2017-07-18,0.059759,0.822337,0.937181
2017-07-19,0.535827,1.497354,-0.519572
2017-07-20,-0.015362,-0.788664,1.002082
2017-07-21,-0.036797,-2.053904,0.180343
2017-07-24,-0.106425,0.934891,-0.111602
2017-07-25,0.291892,3.32016,0.120182
2017-07-26,0.028255,1.68141,-0.206115
2017-07-27,-0.09731,0.962826,0.206115
2017-07-28,-0.134209,1.356708,0.837254
2017-07-31,-0.072839,0.980694,0.610689
2017-08-01,0.24461,-2.052386,-0.228572
2017-08-02,0.049254,0.830048,0.524092
2017-08-03,-0.218598,-1.155848,0.160061
2017-08-04,0.188725,1.095346,-1.066271
2017-08-07,0.164591,-0.404286,0.288846
2017-08-08,-0.241736,-0.60951,-0.544404
2017-08-09,-0.036371,1.054135,0.204499
2017-08-10,-1.458019,-2.1401,0.025533
2017-08-11,0.127471,0.554701,0.509296
2017-08-14,0.999364,-2.531255,-0.211891
2017-08-15,-0.049894,-0.042034,-0.425135
2017-08-16,0.14191,-1.631911,-0.281582
2017-08-17,-1.55573,0.575265,0.281582
2017-08-18,-0.183707,3.178189,0.102197
2017-08-21,0.116195,-2.500651,0.560226
2017-08-22,0.989174,0.547139,-0.441127
2017-08-23,-0.345958,1.664971,0.339501
2017-08-24,-0.207659,-2.529135,-0.008473
2017-08-25,0.167144,0.864164,0.616686
2017-08-28,0.048698,-2.658317,0.830298
2017-08-29,0.084244,0.129227,0.43337
2017-08-30,0.460452,-1.082027,-0.818308
2017-08-31,0.570475,2.789282,-0.277067
2017-09-01,0.198052,0.126877,-0.134612
2017-09-05,-0.757948,2.730759,0.277439
2017-09-06,0.312387,1.022922,0.268299
2017-09-07,-0.017848,-0.061081,0.709193
2017-09-08,-0.148989,-3.439328,0.108023
2017-09-11,1.07809,1.298448,-0.641535
2017-09-12,0.335835,0.311624,0.033428
2017-09-13,0.075678,2.235761,-0.58661
2017-09-14,-0.110132,1.1295,-0.100908
2017-09-15,0.184553,0.080192,0.61229
2017-09-18,0.145481,-0.040088,-0.175754
2017-09-19,0.110967,-0.68397,0.3512
2017-09-20,0.063411,1.502583,0.150138
2017-09-21,-0.305061,0.574999,-0.434347
2017-09-22,0.064763,-0.495492,0.192348
2017-09-25,-0.22245,2.975361,-0.982334
2017-09-26,0.007209,-0.502708,-0.67728
2017-09-27,0.407684,1.060455,-0.212594
2017-09-28,0.120388,-1.002321,0.246567
2017-09-29,0.369824,0.096815,0.313706
2017-10-02,0.386652,-2.112341,-0.5773
2017-10-03,0.215653,-0.296942,0.119129
2017-10-04,0.124598,-0.876151,0.008504
2017-10-05,0.563087,1.567648,-0.460241
2017-10-06,-0.107422,-2.896437,0.221862
2017-10-10,0.051373,3.171703,0.611831
2017-10-11,0.180184,0.723861,0.363621
2017-10-12,-0.168815,-1.354157,-0.059104
2017-10-13,0.087773,1.607247,-0.025341
2017-10-16,0.174923,0.832612,-0.228359
2017-10-17,0.067227,0.019281,-0.475302
2017-10-18,0.07421,0.346421,0.178503
2017-10-19,0.032791,-1.470899,0.567389
2017-10-20,0.510385,0.66071,-0.609861
2017-10-23,-0.39804,0.540855,-0.067993
2017-10-24,0.161664,0.786726,0.034002
2017-10-25,-0.467396,-0.671208,0.305499
2017-10-26,0.127014,0.843078,-0.868017
2017-10-27,0.804055,2.840405,-1.030937
2017-10-30,-0.319758,0.351755,0.39645
2017-10-31,0.094404,0.460958,0.189052
2017-11-01,0.159081,-0.073611,-0.257887
2017-11-02,0.018995,0.422523,0.463719
2017-11-03,0.309229,1.960491,-0.480935
2017-11-06,0.127052,3.027584,-0.137836
2017-11-07,-0.018912,-0.26194,-0.198473
2017-11-08,0.144262,-0.649068,0.120856
2017-11-09,-0.376907,0.596598,0.490556
2017-11-13,0.008512,-0.684634,0.068658
2017-11-14,-0.231229,-1.956661,0.922295
2017-11-15,-0.5541,-0.703022,0.254691
2017-11-16,0.816274,-0.253577,-0.18671
2017-11-17,-0.26295,1.921927,0.229095
2017-11-20,0.127495,0.0,-0.492779
2017-11-21,0.651979,1.114563,0.0
2017-11-22,-0.075056,1.81316,0.40799
2017-11-24,0.205404,1.814808,1.239215
2017-11-27,-0.038433,-1.435431,-0.20967
2017-11-28,0.980029,-0.241255,-0.277439
2017-11-29,-0.036931,-1.232548,-0.16852
2017-11-30,0.815758,0.261666,0.336757
2017-12-01,-0.202654,1.641506,0.100806
2017-12-04,-0.10527,-1.50223,-0.521931
2017-12-05,-0.374644,0.312663,-0.236606
2017-12-06,-0.011409,-3.296905,-0.271095
2017-12-07,0.292808,1.2646,0.016965
2017-12-08,0.549119,1.143875,-0.246274
2017-12-11,0.319685,1.200119,0.348004
2017-12-12,0.154768,-1.252626,-0.654569
2017-12-13,-0.047307,-0.932203,0.315068
2017-12-14,-0.407913,0.721898,0.135939
2017-12-15,0.89343,0.507482,0.0
2017-12-18,0.534853,-0.20968,0.220507
2017-12-19,-0.323552,0.558173,0.152375
2017-12-20,-0.082825,1.038251,0.497828
2017-12-21,0.198366,0.429443,-0.07578
2017-12-22,-0.045828,-0.154387,-0.278352
2017-12-26,-0.105894,2.20722,0.236227
2017-12-27,0.079058,0.201309,0.294501
2017-12-28,0.183235,0.284495,0.419218
2017-12-29,-0.519666,1.030766,0.583968
2018-01-02,0.82691,-0.14897,0.232636
2018-01-03,0.637843,2.03319,-0.166113
2018-01-04,0.402057,0.598756,0.282228
2018-01-05,0.700918,-0.793719,-0.207443
2018-01-08,0.166094,0.389548,-0.549727
2018-01-09,0.130206,1.909404,-0.426868
2018-01-10,-0.111282,1.074939,0.301508
2018-01-11,0.7009,0.329645,0.641856
2018-01-12,0.672695,0.640477,0.786265
2018-01-16,-0.353069,-0.624807,0.93543
2018-01-17,0.937096,0.156568,-0.122584
2018-01-18,-0.161769,0.062559,0.073568
2018-01-19,0.437564,-0.910953,0.0
2018-01-22,0.803439,0.440807,-0.065392
2018-01-23,0.217204,1.233331,0.383564
2018-01-24,-0.056019,1.905698,0.91621
2018-01-25,0.060245,-0.106618,0.787849
2018-01-26,1.17716,0.985678,-0.529909
2018-01-29,-0.675471,-0.848619,-0.56511
2018-01-30,-1.095861,-1.641771,0.30717
2018-01-31,0.048882,0.278078,0.30623
2018-02-01,-0.064827,1.682769,0.433561
2018-02-02,-2.143665,-0.639174,-0.288832
2018-02-05,-4.184256,-2.035851,-0.225225
2018-02-06,1.729059,-1.096674,-0.298399
2018-02-07,-0.501415,-2.504318,-0.810969
2018-02-08,-3.825909,-0.990187,-0.350749
2018-02-09,1.482563,-3.48583,-0.098103
2018-02-12,1.381868,0.354102,0.33479
2018-02-13,0.260954,-0.134748,0.779541
2018-02-14,1.331346,2.282862,0.26657
2018-02-15,1.199684,1.276822,0.691377
2018-02-16,0.037339,0.66467,-0.320976
2018-02-20,-0.585853,0.03231,-0.758374
2018-02-21,-0.551169,-0.291168,-0.275728
2018-02-22,0.097312,1.591034,0.097403
2018-02-23,1.590125,1.267444,-0.227421
2018-02-26,1.168842,0.45551,-0.016264
2018-02-27,-1.278829,-1.372803,-0.464643
2018-02-28,-1.115782,-2.428358,-0.229039
2018-03-01,-1.341391,-0.735237,0.040938
2018-03-02,0.505876,0.343784,0.799026
2018-03-05,1.097164,2.102277,0.129849
2018-03-06,0.263532,0.079981,0.68701
2018-03-07,-0.048397,-2.345817,-0.145091
2018-03-08,0.445318,-1.58393,-0.671768
2018-03-09,1.722951,3.094803,0.097403
2018-03-12,-0.127478,-1.086174,-0.064925
2018-03-13,-0.638392,-1.081623,0.647356
2018-03-14,-0.574094,0.329002,-0.290792
2018-03-15,-0.078227,0.442442,-0.332213
2018-03-16,0.170202,1.830752,-0.33332
2018-03-19,-1.430601,-0.450524,0.398229
2018-03-20,0.14807,2.16949,-0.471546
2018-03-21,-0.184569,2.693399,-0.024451
2018-03-22,-2.548489,-1.314283,0.341769
2018-03-23,-2.118983,2.383811,0.405351
2018-03-26,2.679503,-0.472238,0.645164
2018-03-27,-1.742731,-0.428463,-0.241449
2018-03-28,-0.292087,-1.40532,-0.476557
2018-03-29,1.367573,0.882564,-0.43817
2018-04-02,-2.259059,-2.84572,-0.073215
2018-04-03,1.253593,0.569352,-0.219968
2018-04-04,1.150011,-0.094667,0.252515
2018-04-05,0.683937,0.283733,-0.505669
2018-04-06,-2.216402,-2.38941,0.359125
2018-04-09,0.333102,2.184572,0.374075
2018-04-10,1.658852,3.228089,0.145997
2018-04-11,-0.554062,2.010802,0.372139
2018-04-12,0.821688,0.388408,-0.518136
2018-04-13,-0.289082,0.416605,0.016232
2018-04-16,0.807632,-1.676937,0.41304
2018-04-17,1.060514,0.406842,-0.226556
2018-04-18,0.083102,2.87555,0.283114
2018-04-19,-0.574258,-0.204768,-0.356045
2018-04-20,-0.857318,-0.058582,-0.438704
2018-04-23,0.005618,-0.956804,-0.538821
2018-04-24,-1.34709,0.073926,0.081826
2018-04-25,0.183543,0.501254,-0.393379
2018-04-26,1.038013,0.264356,-0.535179
2018-04-27,0.111302,-0.102722,-0.041286
2018-04-30,-0.822124,0.658523,-0.281201
2018-05-01,0.25458,-1.884626,-0.614773
2018-05-02,-0.72319,0.932028,-0.267023
2018-05-03,-0.225624,0.792025,0.01671
2018-05-04,1.272983,1.824023,-0.200703
2018-05-07,0.3452,1.46674,-0.159176
2018-05-08,-0.026569,-2.737149,-0.538042
2018-05-09,0.96356,3.329117,-0.092768
2018-05-10,0.9327,0.280663,0.370558
2018-05-11,0.170618,-0.943337,0.461275
2018-05-14,0.088313,0.451659,0.208969
2018-05-15,-0.686568,0.463647,-0.939604
2018-05-16,0.405234,0.126077,-0.642654
2018-05-17,-0.085621,0.055983,0.084796
2018-05-18,-0.26357,-0.33637,-0.195139
2018-05-21,0.735959,1.435665,-0.059466
2018-05-22,-0.314066,-0.235539,0.127383
2018-05-23,0.324311,-0.333473,-0.766744
2018-05-24,-0.202525,-1.514543,0.307404
2018-05-25,-0.236003,-4.110464,-0.538578
2018-05-29,-1.163158,-1.662746,-0.990662
2018-05-30,1.261591,2.132782,0.973516
2018-05-31,-0.690334,-1.863684,0.051427
2018-06-01,1.079076,-1.762226,0.077091
2018-06-04,0.44696,-1.608367,0.145455
2018-06-05,0.070237,1.151467,-0.205409
2018-06-06,0.853088,-1.16691,0.904057
2018-06-07,-0.071445,1.85148,0.313653
2018-06-08,0.312106,-0.288469,-0.356114
2018-06-11,0.106815,0.500494,0.246023
2018-06-12,0.174183,0.422706,-0.084767
2018-06-13,-0.403418,0.375912,-0.067866
2018-06-14,0.246846,0.419351,-1.281083
2018-06-15,-0.101759,-2.880733,-0.154839
2018-06-18,-0.212842,1.374907,-0.086125
2018-06-19,-0.403155,-1.251925,-0.250183
2018-06-20,0.17107,1.267096,0.129483
2018-06-21,-0.636571,-0.364742,0.068989
2018-06-22,0.186025,4.960185,0.258287
2018-06-25,-1.381979,1.281238,0.548792
2018-06-26,0.220215,7.334139,-0.162609
2018-06-27,-0.864152,2.856588,-0.747972
2018-06-28,0.615962,-5.251107,-0.051791
2018-06-29,0.075809,0.921541,0.816893
2018-07-02,0.306332,-0.324281,-0.627123
2018-07-03,-0.495963,0.405187,0.421379
2018-07-05,0.858381,-1.548523,0.376874
2018-07-06,0.844553,0.994355,0.349904
2018-07-09,0.878434,0.203101,0.051103
2018-07-10,0.346719,0.243178,-0.136333
2018-07-11,-0.711946,-5.036339,-0.051173
2018-07-12,0.871098,-0.269982,-0.256257
2018-07-13,0.107865,1.061506,-0.21405
2018-07-16,-0.102862,-4.036455,0.367883
2018-07-17,0.396578,-0.278899,-0.3936
2018-07-18,0.215816,1.096422,-0.163027
2018-07-19,-0.396078,0.926201,-0.352704
2018-07-20,-0.094893,1.273903,0.89225
2018-07-23,0.18364,-3.4878,-0.05126
2018-07-24,0.476955,4.139915,-0.153938
2018-07-25,0.906038,0.507401,-0.059929
2018-07-26,-0.303686,0.644621,-0.197163
2018-07-27,-0.658388,-4.178861,0.051471
2018-07-30,-0.57708,3.618557,0.496194
2018-07-31,0.487286,-1.857287,-0.102459
2018-08-01,-0.104092,-1.557574,-0.34229
2018-08-02,0.49144,0.217786,-0.463958
2018-08-03,0.463339,-0.669386,-0.12926
2018-08-06,0.353205,0.756367,-0.284962
2018-08-07,0.282018,0.231582,0.284962
2018-08-08,-0.026241,-3.306937,0.008623
2018-08-09,-0.144276,-0.164511,-0.276291
2018-08-10,-0.71393,1.190313,-1.454413
2018-08-13,-0.4014,-0.533888,-0.026322
2018-08-14,0.636892,-0.312756,-0.395657
2018-08-15,-0.763126,-2.982584,-0.167526
2018-08-16,0.788828,0.567008,0.492959
2018-08-17,0.331763,0.745988,0.192999
2018-08-20,0.242502,0.860837,0.245098
2018-08-21,0.206643,1.225542,0.835805
2018-08-22,-0.039827,0.784202,0.527478
2018-08-23,-0.169266,1.86894,-0.241775
2018-08-24,0.617972,0.835499,0.500174
2018-08-27,0.764112,0.37228,0.43775
2018-08-28,0.026923,-2.064906,0.376133
2018-08-29,0.568524,1.649582,-0.179342
2018-08-30,-0.444012,0.814698,-0.454059
2018-08-31,0.013442,-0.58534,-0.430256
2018-09-04,-0.165568,-0.028641,-0.259045
2018-09-05,-0.280711,-1.631687,0.465799
2018-09-06,-0.365897,-1.289395,0.034417
2018-09-07,-0.221576,-0.118046,-0.448354
2018-09-10,0.189605,-0.266115,0.276148
2018-09-11,0.373286,2.543253,-0.112093
2018-09-12,0.03566,1.546644,0.301503
2018-09-13,0.526835,-2.54745,0.394884
2018-09-14,0.027543,0.552407,-0.137174
2018-09-17,-0.558531,-0.174115,0.265604
2018-09-18,0.535465,1.456091,0.051326
2018-09-19,0.125252,1.716963,-0.06844
2018-09-20,0.781,-0.437082,0.50365
2018-09-21,-0.036857,0.042382,-0.042584
2018-09-24,-0.352195,3.374617,0.289214
2018-09-25,-0.130593,0.231876,-0.025485
2018-09-26,-0.329467,-1.620692,-0.102006
2018-09-27,0.275947,-0.055402,-0.751241
2018-09-28,-0.000686,1.348582,-0.412159
2018-10-01,0.363446,2.976049,-0.474364
2018-10-02,-0.039672,-0.279014,-0.060535
2018-10-03,0.071124,1.636352,-0.303227
2018-10-04,-0.820307,-2.598926,-0.147614
2018-10-05,-0.55433,-0.242098,-0.052151
2018-10-09,-0.181411,0.924878,-0.174034
2018-10-10,-3.341633,-2.389906,0.512532
2018-10-11,-2.078765,-3.066491,0.207738
2018-10-12,1.410632,0.618066,-0.051894
2018-10-15,-0.592254,0.600351,0.302337
2018-10-16,2.126787,0.1252,-0.008626
2018-10-17,-0.025271,-3.249791,-0.458221
2018-10-18,-1.449652,-1.446575,-0.39941
2018-10-19,-0.036124,0.76929,0.165167
2018-10-22,-0.430874,0.130048,-0.400349
2018-10-23,-0.55271,-4.067158,0.113305
2018-10-24,-3.135083,0.105224,-0.795841
2018-10-25,1.845373,1.031322,-0.131793
2018-10-26,-1.747909,0.489506,0.123012
2018-10-29,-0.658123,-0.861946,0.017561
2018-10-30,1.554537,-1.231432,-0.228531
2018-10-31,1.079284,-1.323314,-0.281988
2018-11-01,1.050245,-2.543167,0.563183
2018-11-02,-0.63367,-0.867582,-0.158075
2018-11-05,0.558469,0.0,0.140523
2018-11-06,0.623983,-1.532597,0.157853
2018-11-07,2.09871,-0.758986,0.411001
2018-11-08,-0.251213,-1.601341,-0.375957
2018-11-09,-0.924156,-0.86022,-0.800321
2018-11-13,-2.138114,-7.87836,-0.327246
2018-11-14,-0.759624,0.948214,0.212389
2018-11-15,1.053808,0.515053,0.106026
2018-11-16,0.222081,0.070834,0.686441
2018-11-19,-1.678315,1.179072,0.402626
2018-11-20,-1.831796,-6.823089,-0.499147
2018-11-21,0.303865,1.89245,0.017556
2018-11-26,0.883655,-5.574315,-0.501563
2018-11-27,0.32564,-0.291914,-0.486361
2018-11-28,2.271401,-2.466338,0.044312
2018-11-29,-0.220011,2.758252,0.847014
2018-11-30,0.81522,-1.330223,-0.51971
2018-12-03,1.088193,4.241191,0.291018
2018-12-04,-3.290021,0.433186,-0.096912
2018-12-06,-0.152335,-3.188814,0.255293
2018-12-07,-2.359638,2.339512,0.140573
2018-12-10,0.176064,-3.255609,-0.193339
2018-12-11,-0.035643,1.129295,-0.476149
2018-12-12,0.540486,-1.188056,0.423356
2018-12-13,-0.019994,3.181605,-0.035211
2018-12-14,-1.927118,-2.751496,-0.511962
2018-12-17,-2.099228,-2.889574,0.344539
2018-12-18,0.008641,-7.676829,0.220235
2018-12-19,-1.551548,3.912063,0.509086
2018-12-20,-1.589779,-4.958281,0.087512
2018-12-21,-2.08032,-0.571305,-0.262766
2018-12-26,2.091667,1.44391,0.052609
2018-12-27,0.852618,-3.447093,0.035057
2018-12-28,-0.124232,1.495063,0.288752
2019-01-02,0.97243,2.536764,-0.771866
2019-01-03,-2.506828,1.30861,0.369134
2019-01-04,3.375938,1.774445,0.096453
2019-01-07,0.698598,1.062178,0.507038
2019-01-08,0.96486,2.677728,-0.209497
2019-01-09,0.408965,5.130338,0.696624
2019-01-10,0.450827,0.439729,-0.060761
2019-01-11,-0.014635,-1.887212,-0.330493
2019-01-15,0.539321,0.697407,-0.760792
2019-01-16,0.22195,0.539085,0.140351
2019-01-17,0.756278,-0.481187,-0.193033
2019-01-18,1.309691,3.357994,-0.211008
2019-01-22,-1.425845,-1.902308,-0.026407
2019-01-23,0.220047,-0.285633,0.27254
2019-01-24,0.137473,0.948954,-0.598804
2019-01-25,0.845289,1.108305,0.747947
2019-01-28,-0.787781,-3.304516,0.271394
2019-01-29,-0.145727,2.441472,-0.122474
2019-01-30,1.542959,2.070004,-0.052535
2019-01-31,0.856063,-0.629515,0.314796
2019-02-01,0.089823,2.657538,0.174459
2019-02-04,0.675335,-1.310778,-0.314246
2019-02-05,0.469743,-1.625752,-0.280161
2019-02-06,-0.222697,0.464555,-0.22821
2019-02-07,-0.940117,-2.363644,-0.202313
2019-02-08,0.067603,0.13279,-0.273333
2019-02-11,0.070879,-0.608483,-0.433571
2019-02-12,1.280788,1.345099,0.34524
2019-02-13,0.301941,1.308675,-0.247744
2019-02-14,-0.265515,1.034747,-0.035442
2019-02-15,1.081996,2.145927,-0.141894
2019-02-19,0.149765,0.966883,0.531069
2019-02-21,-0.175709,1.468143,0.088238
2019-02-22,0.639062,0.1053,0.035273
2019-02-25,0.123104,-3.009218,0.026447
2019-02-26,-0.07907,0.144509,0.255293
2019-02-27,-0.054419,2.706718,-0.035174
2019-02-28,-0.282955,0.508194,0.079124
2019-03-01,0.687167,-2.567194,-0.026368
2019-03-04,-0.388815,1.495222,-0.422834
2019-03-05,-0.113212,-0.088378,-0.247481
2019-03-06,-0.654549,-0.585264,0.176835
2019-03-07,-0.81589,0.673642,-0.940808
2019-03-08,-0.213401,-1.477289,0.258272
2019-03-11,1.455954,1.812416,-0.15132
2019-03-12,0.294898,0.175932,0.444406
2019-03-13,0.692558,2.39678,0.301072
2019-03-14,-0.086842,0.547665,-0.053064
2019-03-15,0.497252,-0.136635,0.194432
2019-03-18,0.369911,0.986403,0.097075
2019-03-19,-0.013061,0.050757,0.079355
2019-03-20,-0.294867,1.677329,0.052868
2019-03-21,1.079405,-0.233139,0.07925
2019-03-22,-1.915685,-1.867955,-0.69779
2019-03-25,-0.083943,-0.272155,0.371583
2019-03-26,0.715711,1.956547,-0.389312
2019-03-27,-0.46552,-0.804968,-0.266312
2019-03-28,0.358312,-0.16852,-0.124522
2019-03-29,0.671172,1.506557,-0.071225
2019-04-01,1.150218,2.299329,-0.160442
2019-04-02,0.001744,1.514692,-0.214324
2019-04-03,0.21461,-0.112009,0.499377
2019-04-04,0.208247,-0.545835,-0.231543
2019-04-05,0.462568,1.565277,0.008915
2019-04-08,0.10469,1.992692,0.400374
2019-04-09,-0.608595,-0.498366,0.14197
2019-04-10,0.347183,0.885993,-0.106458
2019-04-11,0.003809,-1.575327,-0.035511
2019-04-12,0.658763,0.39225,0.372242
2019-04-15,-0.062962,-0.675625,0.0
2019-04-16,0.050924,0.910239,-0.097358
2019-04-17,-0.227636,-0.422701,0.035414
2019-04-18,0.157782,0.438323,-0.49694
2019-04-22,0.101153,2.529438,0.151118
2019-04-23,0.880236,0.87946,-0.400517
2019-04-24,-0.219419,-0.423601,-0.187458
2019-04-25,-0.036902,-1.112901,-0.4657
2019-04-26,0.467436,-3.019215,0.125594
2019-04-29,0.10709,0.157878,0.107527
2019-04-30,0.095095,0.691718,0.312961
2019-05-01,-0.753041,-0.43963,0.400945
2019-05-02,-0.212626,-2.873302,-0.552832
2019-05-03,0.959217,0.371778,0.017881
2019-05-06,-0.448104,0.514967,0.098289
2019-05-07,-1.664952,-1.438874,-0.169832
2019-05-08,-0.160667,1.165628,0.250179
2019-05-09,-0.302602,-0.889182,0.196131
2019-05-10,0.371342,0.113609,0.115715
2019-05-13,-2.442654,-1.109129,-0.080096
2019-05-14,0.798406,1.3845,-0.222826
2019-05-15,0.582198,0.33912,0.008923
2019-05-16,0.885592,1.440486,-0.268025
2019-05-17,-0.585442,-0.254575,-0.107411
2019-05-20,-0.677224,0.556042,0.035817
2019-05-21,0.84599,-0.158554,-0.107488
2019-05-22,-0.282836,-2.571662,-0.017926
2019-05-23,-1.198568,-6.334527,0.143318
2019-05-24,0.135262,1.292564,0.223524
2019-05-28,-0.841089,0.869497,-0.178779
2019-05-29,-0.693596,-0.118896,-0.367499
2019-05-30,0.209624,-4.111237,0.035913
2019-05-31,-1.328319,-5.42148,0.080757
2019-06-03,-0.276903,-0.449692,0.509954
2019-06-04,2.12059,0.468385,0.267356
2019-06-05,0.812877,-3.674155,0.053386
2019-06-06,0.611681,1.958588,0.461485
2019-06-07,1.044295,2.55317,0.265276
2019-06-10,0.464926,-1.155867,-0.114866
2019-06-11,-0.034994,-0.056269,0.044195
2019-06-12,-0.20397,-4.156492,-0.053036
2019-06-13,0.408908,2.415343,-0.30994
2019-06-14,-0.161284,0.171674,-0.51574
2019-06-17,0.093134,-1.015237,0.160342
2019-06-18,0.967046,3.629888,-0.347733
2019-06-19,0.298073,-0.223048,0.160643
2019-06-20,0.942762,5.678618,0.62228
2019-06-21,-0.126003,0.822906,0.389174
2019-06-24,-0.173343,0.660413,0.572159
2019-06-25,-0.95417,-0.17337,-0.06146
2019-06-26,-0.123475,2.637139,0.035125
2019-06-27,0.381592,0.016899,-0.158158
2019-06-28,0.574091,-1.669829,0.017586
2019-07-01,0.7643,1.21255,-0.590805
2019-07-02,0.292387,-5.065916,-0.053079
2019-07-03,0.764308,1.875166,-0.230333
2019-07-08,-0.665467,0.50695,-0.596008
2019-07-09,0.123582,0.382876,0.017843
2019-07-10,0.450048,4.599878,0.445039
2019-07-11,0.228267,-0.582316,0.008881
2019-07-12,0.46095,0.100067,-0.062181
2019-07-15,0.017584,-1.156858,0.0533
2019-07-16,-0.340958,-3.186838,-0.427199
2019-07-17,-0.655263,-1.650029,0.178221
2019-07-18,0.357554,-2.545396,-0.035619
2019-07-19,-0.619589,0.615387,-0.071276
2019-07-22,0.282473,0.808702,-0.05349
2019-07-23,0.682416,1.2628,-0.518553
2019-07-24,0.467716,-1.209119,-0.134547
2019-07-25,-0.527625,-0.035785,0.134547
2019-07-26,0.736047,0.285919,-0.314226
2019-07-29,-0.161738,1.43505,0.188654
2019-07-30,-0.258197,2.071621,0.053836
2019-07-31,-1.094519,0.840702,-0.161594
2019-08-01,-0.903959,-8.724438,-0.612835
2019-08-02,-0.730939,3.714634,0.450979
2019-08-05,-3.023016,-1.885822,0.762028
2019-08-06,1.293301,-1.903411,-0.008931
2019-08-07,0.07666,-4.69821,0.356634
2019-08-08,1.858843,2.814915,-0.231667
2019-08-09,-0.663853,3.383184,0.10699
2019-08-12,-1.202965,1.042152,-0.08915
2019-08-13,1.465413,3.695859,-0.267929
2019-08-14,-2.973036,-3.369002,-0.340411
2019-08-15,0.246124,-1.185388,-0.341573
2019-08-16,1.432312,0.585332,-0.135153
2019-08-19,1.203319,2.539076,0.045071
2019-08-20,-0.794625,-0.106743,-0.036056
2019-08-21,0.821301,-0.947874,0.054078
2019-08-22,-0.050621,-0.576682,-0.081129
2019-08-23,-2.628894,-2.285083,0.530648
2019-08-26,1.092319,-1.003539,-0.32345
2019-08-27,-0.320833,2.672231,-0.162118
2019-08-28,0.652414,1.390542,-0.090179
2019-08-29,1.260744,1.61882,-0.225805
2019-08-30,0.064262,-2.863987,-0.63498
2019-09-03,-0.692303,-2.128911,-0.191283
2019-09-04,1.078372,4.195658,0.518348
2019-09-05,1.292592,0.195469,0.117844
2019-09-06,0.09102,0.212804,0.036232
2019-09-09,-0.0094,2.501661,0.126708
2019-09-10,0.032227,-0.885038,-0.126708
2019-09-11,0.720366,-3.025976,-0.372001
2019-09-12,0.287497,-0.956772,0.661384
2019-09-13,-0.072462,-0.673403,0.0
2019-09-16,-0.314054,14.176077,-0.615944
2019-09-17,0.257843,-6.278623,0.516563
2019-09-18,0.034262,-1.822102,-0.01808
2019-09-19,0.001996,0.0,-0.135704
2019-09-20,-0.490761,-0.465077,-0.380953
2019-09-23,-0.009693,1.320661,-0.118209
2019-09-24,-0.845201,-2.536587,0.07276
2019-09-25,0.613968,-1.4789,-0.455623
2019-09-26,-0.243187,-0.248624,-0.100516
2019-09-27,-0.533051,-0.516981,0.036563
2019-09-30,0.503493,-3.380911,-0.33872
2019-10-01,-1.233413,-0.910026,0.247287
2019-10-02,-1.806544,-1.750303,0.173651
2019-10-03,0.794038,-0.494862,0.364598
2019-10-04,1.411674,0.817107,-0.154792
2019-10-07,-0.448836,-0.151515,0.091083
2019-10-08,-1.568317,-0.227704,-0.319154
2019-10-09,0.906335,-0.018999,0.264514
2019-10-10,0.639521,1.770291,0.363703
2019-10-11,1.087953,2.197079,0.190416
2019-10-15,0.851839,-3.625943,-0.02718
2019-10-16,-0.200155,1.148464,0.352766
2019-10-17,0.275902,0.875972,0.4864
2019-10-18,-0.392705,-0.260126,0.233351
2019-10-21,0.684811,-0.878264,-0.089686
2019-10-22,-0.357506,1.730437,-0.062828
2019-10-23,0.284309,3.069899,-0.179727
2019-10-24,0.19186,0.374967,-0.18005
2019-10-25,0.406443,0.728051,-0.153298
2019-10-28,0.556586,-1.641136,0.117249
2019-10-29,-0.083274,-0.468723,0.207105
2019-10-30,0.324805,-0.889379,0.053957
2019-10-31,-0.302745,-1.524784,0.287279
2019-11-01,0.961598,3.671137,0.125426
2019-11-04,0.369721,0.516153,-0.224085
2019-11-05,-0.118643,1.252552,-0.666249
2019-11-06,0.070228,-1.572609,0.054186
2019-11-07,0.272641,1.344439,-0.280277
2019-11-08,0.255736,0.193101,-0.235678
2019-11-12,-0.040098,-0.615711,-0.018152
2019-11-13,0.07113,0.369882,-0.118069
2019-11-14,0.083674,-0.546498,0.108992
2019-11-15,0.7666,1.700155,0.271961
2019-11-18,0.0503,-1.259198,0.298305
2019-11-19,-0.059274,-3.382873,-0.036111
2019-11-20,-0.376327,3.189091,-0.108411
2019-11-21,-0.158403,2.868016,0.03615
2019-11-22,0.217257,-1.172023,-0.343954
2019-11-25,0.74793,0.190526,-0.181505
2019-11-26,0.219312,0.792834,0.027247
2019-11-27,0.416578,-0.223425,-0.090851
2019-11-29,-0.401932,0.0,0.154398
2019-12-02,-0.866853,-3.769401,0.506926
2019-12-03,-0.666017,0.321085,0.126331
2019-12-04,0.630364,4.031608,-0.117302
2019-12-05,0.149915,-0.068446,0.25248
2019-12-06,0.909425,1.326324,-0.4694
2019-12-09,-0.316785,-0.35536,0.13563
2019-12-10,-0.109755,0.389138,0.207609
2019-12-11,0.290398,-0.81384,0.018033
2019-12-12,0.853861,0.746272,0.207142
2019-12-13,0.007259,1.559257,0.116891
2019-12-16,0.712239,0.166223,0.098801
2019-12-17,0.033521,1.106626,0.080765
2019-12-18,-0.043235,0.082095,-0.314452
2019-12-19,0.444931,0.605418,0.134886
2019-12-20,0.493264,-1.429417,-0.468385
2019-12-23,0.086576,0.132297,0.135336
2019-12-24,-0.019543,1.084823,-0.063134
2019-12-26,0.511505,0.895115,0.162265
2019-12-27,0.003395,0.064788,0.646438
2019-12-30,-0.57976,-0.162048,0.384083
2019-12-31,0.294169,-0.846911,0.089111
2020-01-02,0.834387,0.049056,-0.544814
2020-01-03,-0.708491,2.947785,0.062671
2020-01-06,0.352717,0.427656,0.125224
2020-01-07,-0.280714,-0.904984,-0.43897
2020-01-08,0.489044,-4.98673,-0.188722
2020-01-09,0.663324,-0.150994,-0.098997
2020-01-10,-0.285931,-0.910784,0.116985
2020-01-13,0.695206,-1.450661,0.170733
2020-01-14,-0.151569,0.291821,-0.071852
2020-01-15,0.186841,-0.826166,0.269179
2020-01-16,0.833174,1.134228,-0.260195
2020-01-17,0.385471,0.051251,-0.341973
2020-01-21,-0.265548,-0.5137,0.02704
2020-01-22,0.028905,-2.591224,-0.099184
2020-01-23,0.114031,-2.226867,-0.397723
2020-01-24,-0.908327,-2.591386,-0.13595
2020-01-27,-1.585573,-1.866074,-0.063506
2020-01-28,1.000335,0.451044,-0.099877
2020-01-29,-0.086722,-0.075033,-0.036344
2020-01-30,0.312945,-2.085779,0.25413
2020-01-31,-1.786448,-1.175691,0.452203
2020-02-03,0.722846,-2.991171,-0.180636
2020-02-04,1.486927,-0.943309,-0.171907
2020-02-05,1.118782,2.548416,-0.335616
2020-02-06,0.332013,0.137511,-0.245622
2020-02-07,-0.541547,-1.184848,-0.26449
2020-02-10,0.729965,-1.501079,-0.310985
2020-02-11,0.168707,0.82338,0.00916
2020-02-12,0.644187,2.23484,-0.220083
2020-02-13,-0.163177,0.54613,-0.413965
2020-02-14,0.184184,1.198777,-0.082999
2020-02-18,-0.292425,0.134447,-0.221668
2020-02-19,0.469479,2.295898,-0.194364
2020-02-20,-0.382284,0.859176,0.027789
2020-02-21,-1.057382,-0.765429,0.535749
2020-02-24,-3.408805,-3.820174,0.018423
2020-02-25,-3.074793,-3.124636,0.101266
2020-02-26,-0.378568,-2.255047,0.174673
2020-02-27,-4.516817,-3.130473,0.823276
2020-02-28,-0.827245,-5.088054,0.2184
2020-03-02,4.501087,4.25782,1.470814
2020-03-03,-2.851053,1.042008,0.098482
2020-03-04,4.133635,-1.042008,-0.403498
2020-03-05,-3.451073,-1.899064,0.644817
2020-03-06,-1.7201,-10.948423,1.03904
2020-03-09,-7.901039,-28.138208,0.888347
2020-03-10,4.821508,10.449057,-0.685355
2020-03-11,-5.010286,-3.965016,-0.54814
2020-03-12,-9.994485,-4.854872,-1.779932
2020-03-13,8.880836,0.50569,-0.135459
2020-03-16,-12.765214,-9.103183,0.657512
2020-03-17,5.822629,-7.156128,-1.519704
2020-03-18,-5.322234,-27.490549,-1.26584
2020-03-19,0.469685,20.302056,-1.244675
2020-03-20,-4.432763,-25.308106,-0.15902
2020-03-23,-2.973149,18.035179,0.727547
2020-03-24,8.968316,-10.37901,0.315487
2020-03-25,1.1469,-1.340374,0.379121
2020-03-26,6.054383,-22.314355,1.738379
2020-03-27,-3.426781,-6.985383,0.307915
2020-03-30,3.296662,-9.337407,-0.371428
2020-03-31,-1.614238,37.473777,-0.018154
2020-04-01,-4.514633,-1.127739,-0.747156
2020-04-02,2.25727,21.641485,-0.660674
2020-04-03,-1.525286,11.892967,-0.600214
2020-04-06,6.796823,-7.883868,0.101828
2020-04-07,-0.160433,-10.743992,0.719096
2020-04-08,3.348935,5.8974,-0.202299
2020-04-09,1.438344,-8.653819,0.614822
2020-04-13,-1.015599,-2.386326,-0.228969
2020-04-14,3.01145,-10.406936,0.594233
2020-04-15,-2.227675,-0.947402,-0.566729
2020-04-16,0.579986,-0.703874,-0.634514
2020-04-17,2.644093,-7.924417,0.395894
2020-04-22,2.26713,42.583241,-0.230595
2020-04-23,-0.053956,9.903557,-0.129366
2020-04-24,1.382211,5.99213,-0.157313
2020-04-27,1.460687,-27.298962,0.286679
2020-04-28,-0.525614,1.872257,0.06462
2020-04-29,2.623666,19.301685,0.156762
2020-04-30,-0.925512,24.575824,0.743566
2020-05-01,-2.846022,2.516179,0.583624
2020-05-04,0.424081,3.732705,-0.794198
2020-05-05,0.899995,18.21587,-0.615952
2020-05-06,-0.700387,-2.807781,-0.35104
2020-05-07,1.143895,-0.841048,0.083252
2020-05-08,1.673076,4.338627,0.359962
2020-05-11,0.017747,-2.913026,-0.332226
2020-05-12,-2.075779,6.993608,0.424316
2020-05-13,-1.761696,-1.525553,-0.248837
2020-05-14,1.145892,7.697564,-0.342007
2020-05-15,0.391869,7.181128,0.148039
2020-05-18,3.101522,7.805495,0.810318
2020-05-19,-1.053976,1.465799,0.302184
2020-05-20,1.651393,3.826765,0.39239
2020-05-21,-0.780394,2.181047,-0.246204
2020-05-22,0.235097,-2.389847,-0.540121
2020-05-26,1.221426,3.54928,0.69521
2020-05-27,1.471849,-5.631117,-0.009116
2020-05-28,-0.211017,2.617872,0.90753
2020-05-29,0.480077,5.489535,0.342713
2020-06-01,0.374424,-0.225162,0.14395
2020-06-02,0.817728,3.841843,0.385841
2020-06-03,1.355666,1.212789,0.713906
2020-06-04,-0.337438,0.240803,0.673523
2020-06-05,2.587407,5.384215,-0.221053
2020-06-08,1.196967,-3.399761,-0.035414
2020-06-09,-0.782976,2.099883,0.485845
2020-06-10,-0.532724,1.426412,0.061666
2020-06-11,-6.075276,-8.192021,0.202349
2020-06-12,1.29763,-0.522913,-1.104691
2020-06-15,0.827785,2.264454,0.150957
2020-06-16,1.878488,3.159695,-0.097652
2020-06-17,-0.36068,-0.919003,-0.355904
2020-06-18,0.059401,2.294755,-0.026744
2020-06-19,-0.566548,2.369236,-0.241018
2020-06-22,0.647406,2.191323,0.632547
2020-06-23,0.429819,-0.493828,0.549111
2020-06-24,-2.619528,-6.361486,-0.442596
2020-06-25,1.089985,1.959054,-0.453475
2020-06-26,-2.452522,-0.336832,-0.053485
2020-06-29,1.457891,2.915808,0.195974
2020-06-30,1.529233,-1.013437,0.0
2020-07-01,0.500954,1.541408,0.19559
2020-07-02,0.4531,1.715393,-0.19559
2020-07-06,1.575694,-0.148002,0.62101
2020-07-07,-1.087751,0.197287,-0.070778
2020-07-08,0.779703,0.78528,0.265158
2020-07-09,-0.565963,-3.153582,-0.274009
2020-07-10,1.041181,2.294365,0.176866
2020-07-13,-0.940662,-1.240403,0.405609
2020-07-14,1.331729,0.597314,0.368907
2020-07-15,0.904104,2.208679,0.0
2020-07-16,-0.341192,-1.122785,0.236438
2020-07-17,0.284459,-0.467463,0.043723
2020-07-20,0.837176,0.688132,0.034965
2020-07-21,0.167764,2.252184,0.462136
2020-07-22,0.573064,0.286944,0.797162
2020-07-23,-1.239635,-2.148025,0.310211
2020-07-24,-0.620963,0.583801,0.10319
2020-07-27,0.736792,0.556296,0.983544
2020-07-28,-0.649444,-1.384357,-0.144786
2020-07-29,1.235178,0.585225,0.314854
2020-07-30,-0.375731,-3.161538,0.178261
2020-07-31,0.764119,0.625393,0.262567
2020-08-03,0.715537,1.804077,-0.610896
2020-08-04,0.360545,2.036434,0.136078
2020-08-05,0.640916,1.382291,1.11563
2020-08-06,0.640716,-0.760279,-0.353625
2020-08-07,0.063279,-1.853465,-0.677051
2020-08-10,0.273848,1.877311,-0.169981
2020-08-11,-0.800105,-0.982397,0.068027
2020-08-12,1.389946,2.54382,0.271647
2020-08-13,-0.204922,-0.801324,0.18633
2020-08-14,-0.017195,-0.498163,0.126845
2020-08-17,0.270621,1.977931,0.303772
2020-08-18,0.230073,0.0,0.495862
2020-08-19,-0.441414,0.04662,-0.251826
2020-08-20,0.315368,-0.678127,-0.303031
2020-08-21,0.343523,-0.706384,-0.736137
2020-08-24,0.999358,0.283153,0.23751
2020-08-25,0.358987,1.70545,0.127006
2020-08-26,1.014404,0.092614,-0.042317
2020-08-27,0.167163,-0.766643,0.093074
2020-08-28,0.671001,0.186393,0.649107
2020-08-31,-0.219739,-0.818048,0.410885
2020-09-01,0.749688,0.351412,-0.008369
2020-09-02,1.5249,0.0,-0.916396
2020-09-03,-3.575759,-3.256378,-0.06759
2020-09-04,-0.816625,-4.194004,-0.101471
2020-09-08,-2.814887,-7.370105,-0.262612
2020-09-09,1.99448,3.150287,0.177974
2020-09-10,-1.774124,-2.124914,0.590968
2020-09-11,0.053292,0.214535,-0.413311
2020-09-14,1.266131,-0.268241,0.362793
2020-09-15,0.520581,2.807388,-0.236088
2020-09-16,-0.462966,4.793168,-0.092901
2020-09-17,-0.844796,2.020769,-0.101446
2020-09-18,-1.124557,0.243665,0.287162
2020-09-21,-1.163859,-4.555859,-1.017217
2020-09-22,1.046301,0.735951,-0.290103
2020-09-23,-2.400729,0.931176,-0.222412
2020-09-24,0.298295,0.474823,-0.094247
2020-09-25,1.585048,-0.124735,-0.412301
2020-09-28,1.598215,1.018263,0.360856
2020-09-29,-0.482424,-3.623038,0.48766
2020-09-30,0.821983,2.579809,0.051195
2020-10-01,0.527894,-3.921073,0.247071
2020-10-02,-0.96178,-4.27064,-0.392191
2020-10-05,1.781589,5.842229,0.664115
2020-10-06,-1.408678,3.516183,-0.050929
2020-10-07,1.725605,-1.742638,-0.101937
2020-10-08,0.797525,3.01779,-0.110549
2020-10-09,0.875227,-1.472781,0.559988
2020-10-13,0.99585,-1.019022,-0.696216
2020-10-14,-0.664517,2.052242,0.153244
2020-10-15,-0.152897,-0.04896,-0.460437
2020-10-16,0.013492,-0.34339,0.136647
2020-10-19,-1.646462,-0.024573,0.604129
2020-10-20,0.471614,1.657362,0.30493
2020-10-21,-0.21981,-3.668104,0.388284
2020-10-22,0.520537,1.443889,-0.388284
2020-10-23,0.343987,-1.820726,0.169005
2020-10-26,-1.87645,-3.430956,-0.236687
2020-10-27,-0.303019,2.44448,0.15222
2020-10-28,-3.592557,-5.40531,-0.70384
2020-10-29,1.18765,-3.633783,-0.79457
2020-10-30,-1.220367,-0.838228,-0.0944
2020-11-02,1.224294,2.657964,-0.111679
2020-11-03,1.764276,2.269141,0.770618
2020-11-04,2.180752,4.005247,0.051164
2020-11-05,1.927326,-1.057665,0.671229
2020-11-06,-0.028775,-4.21087,0.649928
2020-11-09,1.163196,8.00219,-0.632994
2020-11-10,-0.140078,2.782403,-0.008467
2020-11-12,-0.240592,-0.682264,0.033864
2020-11-13,1.351858,-2.400214,0.08461
2020-11-16,1.158073,2.985296,0.169005
2020-11-17,-0.480348,0.242777,0.15186
2020-11-18,-1.163121,0.965258,0.058995
2020-11-19,0.393865,-0.168249,-0.219298
2020-11-20,-0.681572,1.005274,0.118143
2020-11-23,0.562009,2.16734,-0.261791
2020-11-24,1.603251,4.109229,0.405064
2020-11-25,-0.158567,1.927183,0.285931
2020-11-30,-0.221202,-0.837194,0.335346
2020-12-01,1.120812,-1.470943,0.758748
2020-12-02,0.178955,1.537292,0.447539
2020-12-03,-0.062434,0.924302,0.486699
2020-12-04,0.879742,1.262533,-0.082325
2020-12-07,-0.193747,-1.10931,-0.032949
2020-12-08,0.278326,-0.175131,-0.22269
2020-12-09,-0.798098,-0.351186,-0.256294
2020-12-10,-0.128594,2.775547,0.314076
2020-12-11,-0.126576,-0.364221,-0.049525
2020-12-14,-0.43688,0.918712,0.272087
2020-12-15,1.283845,1.183946,0.106983
2020-12-16,0.177128,0.586758,0.139728
2020-12-17,0.574113,0.997929,0.679412
2020-12-18,-0.351728,1.437692,-0.179636
2020-12-21,-0.391393,-2.581988,-0.049048
2020-12-22,-0.207527,-1.624337,-0.475372
2020-12-23,0.074553,1.937719,0.18058
2020-12-28,1.221503,-0.922052,0.155693
2020-12-29,-0.222985,0.734141,0.318823
2020-12-30,0.134065,0.811743,0.228273
2020-12-31,0.64182,0.227767,-0.407997
2021-01-04,-1.486472,-1.836829,0.196046
2021-01-05,0.705758,4.751536,0.334026
2021-01-06,0.569366,1.336945,-0.040675
2021-01-07,1.473822,0.356154,-0.203625
2021-01-08,0.547687,2.938812,-0.106049
2021-01-11,-0.657637,0.019177,-0.679745
2021-01-12,0.041575,1.767603,-0.008218
2021-01-13,0.227302,-0.509964,-0.073992
2021-01-14,-0.37605,1.242018,-0.024676
2021-01-15,-0.721599,-2.308086,-0.470007
2021-01-19,0.810348,1.179618,0.22291
2021-01-21,1.415605,0.245584,0.140096
2021-01-22,-0.301513,-1.367802,0.296029
2021-01-25,0.360928,0.951844,-0.337213
2021-01-26,-0.148995,-0.322612,0.07412
2021-01-27,-2.601329,0.379435,-0.379413
2021-01-28,0.971333,-1.046931,0.173389
2021-01-29,-1.950041,-0.191534,0.107186
2021-02-01,1.592427,2.629988,-0.53708
2021-02-02,1.380254,2.25268,-0.415111
2021-02-03,0.10083,1.62988,0.041589
2021-02-04,1.079483,0.92974,-0.425018
2021-02-05,0.38899,1.079752,0.508144
2021-02-08,0.737211,2.004424,0.083056
2021-02-09,-0.111412,0.670739,0.505156
2021-02-10,-0.034522,0.598139,0.214539
2021-02-11,0.166107,-0.804042,-0.041222
2021-02-12,0.469992,2.174737,-0.008246
2021-02-16,-0.056944,0.953424,-0.156811
2021-02-17,-0.032045,1.683764,-0.538326
2021-02-18,-0.442559,-1.135908,0.298508
2021-02-19,-0.185662,-2.141983,0.479063
2021-02-22,-0.77629,4.222831,0.156437
2021-02-23,0.12555,-0.016217,-0.107009
2021-02-24,1.128772,2.482709,0.008236
2021-02-25,-2.478343,0.347442,0.705731
2021-02-26,-0.476148,-3.008708,-1.118341
2021-03-01,2.351213,-1.654555,-0.323022
2021-03-02,-0.811367,-1.397228,0.207185
2021-03-03,-1.315232,2.69371,-0.049685
2021-03-04,-1.350804,3.96408,-0.232192
2021-03-05,1.930836,3.495621,-1.093546
2021-03-08,-0.537368,-1.601743,-0.54707
2021-03-09,1.405544,-1.565317,0.303362
2021-03-10,0.601217,0.669419,0.12613
2021-03-11,1.034182,2.4068,0.653323
2021-03-12,0.101488,-0.653448,-0.217301
2021-03-15,0.647098,-0.351279,-0.293268
2021-03-16,-0.157092,-0.829625,-0.184781
2021-03-17,0.287521,-0.417408,0.084034
2021-03-18,-1.487052,-7.392924,0.176241
2021-03-19,-0.060292,2.438743,-0.142647
2021-03-22,0.700056,0.08136,0.192945
2021-03-23,-0.76601,-6.258857,-0.504118
2021-03-24,-0.54823,5.67158,-0.345948
2021-03-25,0.522655,-4.432534,-0.457473
2021-03-26,1.649441,4.121186,0.178155
2021-03-29,-0.08684,0.91489,-0.161174
2021-03-30,-0.316282,-1.540509,-0.468026
2021-03-31,0.361599,-2.271686,0.16193
2021-04-01,1.175577,3.682008,0.246651
2021-04-05,1.433504,-4.462202,0.32228
2021-04-06,-0.097401,1.033295,0.355
2021-04-07,0.147414,0.722025,0.320108
2021-04-08,0.421176,-0.268052,0.117677
2021-04-09,0.769032,-0.538269,-0.058821
2021-04-12,-0.01962,0.689136,0.084019
2021-04-13,0.328917,0.834033,0.268389
2021-04-14,-0.409618,4.78405,0.292728
2021-04-15,1.103316,0.426642,-0.083549
2021-04-16,0.360225,-0.410808,0.133645
2021-04-19,-0.532058,0.268796,0.399867
2021-04-20,-0.68256,-1.143414,0.141237
2021-04-21,0.926303,-2.049285,-0.099676
2021-04-22,-0.925335,0.179168,-0.174673
2021-04-23,1.086942,1.180957,0.473403
2021-04-26,0.178064,-0.257649,0.115932
2021-04-27,-0.021494,1.615389,-0.03311
2021-04-28,-0.084589,1.229911,0.157174
2021-04-29,0.674003,1.847735,0.099141
2021-04-30,-0.722064,-2.334736,-0.662803
2021-05-03,0.274427,1.500497,0.240774
2021-05-04,-0.670074,1.935842,-0.373863
2021-05-05,0.070329,-0.137038,-0.091602
2021-05-06,0.813223,-1.380814,0.382505
2021-05-07,0.73463,0.354692,0.958131
2021-05-10,-1.04905,-0.061595,0.041093
2021-05-11,-0.871173,0.598942,-0.008217
2021-05-12,-2.168277,0.990333,-0.783735
2021-05-13,1.209965,-3.298188,-0.033135
2021-05-14,1.480776,2.323165,0.586512
2021-05-17,-0.253324,1.398624,0.115245
2021-05-18,-0.855378,-1.138705,0.394122
2021-05-19,-0.294778,-3.432814,0.106474
2021-05-20,1.049944,-2.124172,0.073647
2021-05-21,-0.078413,2.644308,-0.385199
2021-05-24,0.986251,3.885181,0.262424
2021-05-25,-0.212756,0.21148,0.188193
2021-05-26,0.187497,0.211034,-0.237345
2021-05-27,0.116472,0.690279,-0.081974
2021-05-28,0.076859,-0.840972,0.0
2021-06-01,-0.04925,2.222148,0.384695
2021-06-02,0.144587,1.449619,-0.229001
2021-06-03,-0.36353,0.02907,-0.747897
2021-06-04,0.879529,1.098436,0.41984
2021-06-07,-0.079703,-0.518808,0.221557
2021-06-08,0.017507,1.292008,-0.164069
2021-06-09,-0.182554,-0.299979,0.032835
2021-06-10,0.464137,0.627498,-0.090323
2021-06-11,0.194659,0.933925,-0.593229
2021-06-14,0.181357,-0.084543,0.206381
2021-06-15,-0.201371,1.566466,-0.049493
2021-06-16,-0.540479,-0.041641,-0.008251
2021-06-17,-0.043573,-1.355811,-1.731213
2021-06-18,-1.321143,0.812899,-0.327966
2021-06-21,1.39052,2.753478,0.311173
2021-06-22,0.511143,-0.667623,0.008397
2021-06-23,-0.108385,-0.054697,0.33529
2021-06-24,0.579434,0.273187,-0.192654
2021-06-25,0.332507,1.220189,0.108937
2021-06-28,0.231237,-1.671348,-0.016752
2021-06-29,0.027731,0.218998,-0.276811
2021-06-30,0.132723,0.518207,-0.47994
2021-07-01,0.520805,2.432098,0.075933
2021-07-02,0.747212,0.053086,-0.075933
2021-07-06,-0.202395,-2.349259,-0.270453
2021-07-07,0.335338,-1.919971,-0.110081
2021-07-08,-0.859787,1.046842,0.312989
2021-07-09,1.121483,2.141874,0.177208
2021-07-12,0.344521,-0.470526,-0.025296
2021-07-13,-0.352303,1.378409,-0.380213
2021-07-14,0.116429,-2.940198,0.109988
2021-07-15,-0.326757,-1.920877,-0.169262
2021-07-16,-0.75675,0.125497,0.033875
2021-07-19,-1.59968,-7.687743,-0.050817
2021-07-20,1.504885,1.300758,-0.23749
2021-07-21,0.820807,4.274528,0.195122
2021-07-22,0.201463,2.654464,-0.23759
2021-07-23,1.009432,0.124662,-0.084991
2021-07-26,0.237942,-0.124662,0.415766
2021-07-27,-0.472362,-0.653552,0.177658
2021-07-28,-0.018632,0.958008,-0.186125
2021-07-29,0.419739,1.712488,0.649928
2021-07-30,-0.542068,0.420197,-0.185263
2021-08-02,-0.184459,-3.608213,0.075831
2021-08-03,0.817002,-0.944001,-0.117984
2021-08-04,-0.464321,-3.529863,-0.151899
2021-08-05,0.59875,1.32568,-0.025339
2021-08-06,0.167388,-1.223079,-0.652572
2021-08-09,-0.094037,-2.522015,-0.102084
2021-08-10,0.099221,2.624511,-0.230071
2021-08-11,0.246498,1.4096,0.127883
2021-08-12,0.294774,-0.260078,-0.00852
2021-08-13,0.160603,-1.105627,0.509945
2021-08-16,0.261743,-1.354954,-0.169693
2021-08-17,-0.708577,-1.403637,-0.527885
2021-08-18,-1.080664,-1.72915,-0.102494
2021-08-19,0.125595,-2.588289,-0.07694
2021-08-20,0.810858,-2.286903,-0.02566
2021-08-23,0.84877,5.317907,0.358638
2021-08-24,0.149458,2.779,0.119261
2021-08-25,0.221767,1.528992,0.10211
2021-08-26,-0.584196,-1.647581,0.025511
2021-08-27,0.876905,2.084326,0.280195
2021-08-30,0.429734,0.637129,0.008479
2021-08-31,-0.135006,-1.234494,0.042382
2021-09-01,0.031171,0.291843,0.422834
2021-09-02,0.283853,2.076499,0.067488
2021-09-03,-0.033508,-1.04728,0.219021
2021-09-07,-0.340127,-1.233419,-0.294948
2021-09-08,-0.131945,1.262258,-0.261968
2021-09-09,-0.461624,-1.598639,0.076126
2021-09-10,-0.775262,2.259656,-0.050744
2021-09-13,0.227392,1.025942,-0.101566
2021-09-14,-0.576317,-0.014177,0.126941
2021-09-15,0.843821,2.878902,-0.110006
2021-09-16,-0.15523,0.137665,-0.398728
2021-09-17,-0.915268,-0.828849,-0.255341
2021-09-20,-1.712302,-2.358004,-0.04262
2021-09-21,-0.081268,0.141925,-0.042638
2021-09-22,0.947454,2.603731,0.127861
2021-09-23,1.206172,1.454072,-0.03408
2021-09-24,0.145994,1.0162,-0.170576
2021-09-27,-0.278022,1.816775,-0.11103
2021-09-28,-2.057432,-0.132468,-0.179618
2021-09-29,0.156794,-0.504984,-0.592454
2021-09-30,-1.198122,0.212936,-0.301867
2021-10-01,1.142595,1.044776,0.18123
2021-10-04,-1.307093,2.173291,0.206718
2021-10-05,1.046946,1.899962,-0.111919
2021-10-06,0.409449,-1.925711,-0.54416
2021-10-07,0.826405,1.024862,0.129831
2021-10-08,-0.191557,1.379681,0.095102
2021-10-12,-0.930916,1.497221,-0.268247
2021-10-13,0.301798,-0.09912,0.233675
2021-10-14,1.691917,0.9377,0.198627
2021-10-15,0.743244,1.172031,0.025879
2021-10-18,0.336912,0.278771,0.129294
2021-10-19,0.736616,0.687537,0.197926
2021-10-20,0.365732,1.444025,0.094522
2021-10-21,0.299143,-2.107358,0.0
2021-10-22,-0.107315,2.261268,-0.094522
2021-10-25,0.473694,0.130047,-0.197926
2021-10-26,0.181813,1.17455,-0.1638
2021-10-27,-0.50644,-3.541665,0.086244
2021-10-28,0.978134,0.145068,0.730087
2021-10-29,0.194745,0.866015,-1.144739
2021-11-01,0.179845,0.692209,0.337035
2021-11-02,0.367361,-0.202393,-0.086311
2021-11-03,0.644051,-3.752034,0.025901
2021-11-04,0.417317,-2.429675,-0.328578
2021-11-05,0.372591,2.960311,0.069264
2021-11-08,0.088731,0.87005,0.311096
2021-11-09,-0.350487,2.601303,-0.008628
2021-11-10,-0.825983,-3.495971,-0.623217
2021-11-12,0.774746,-0.444171,-0.644602
2021-11-15,-0.001068,-0.024734,-0.192442
2021-11-16,0.385776,-0.111379,-0.773494
2021-11-17,-0.260502,-3.06788,-0.097109
2021-11-18,0.337904,0.763168,0.317461
2021-11-19,-0.139963,-3.625502,-0.352796
2021-11-22,-0.320225,0.824342,-0.513776
2021-11-23,0.165571,2.037991,0.044395
2021-11-24,0.229127,0.0,-0.6144
2021-11-29,-0.987319,-11.402351,0.578886
2021-11-30,-1.914338,-5.500578,0.230619
2021-12-01,-1.188555,-1.064002,0.318443
2021-12-02,1.409463,1.757089,-0.15025
2021-12-03,-0.848447,-0.315813,0.017688
2021-12-06,1.166266,4.750544,-0.23019
2021-12-07,2.049559,3.278056,-0.310711
2021-12-08,0.308054,0.678814,0.735265
2021-12-09,-0.720704,-2.177337,-0.397966
2021-12-10,0.950381,1.1783,0.23897
2021-12-13,-0.91782,-0.727785,-0.123839
2021-12-14,-0.749864,-0.874723,-0.274762
2021-12-15,1.621621,0.452425,-0.053267
2021-12-16,-0.878183,2.024785,0.425344
2021-12-17,-1.034101,-1.968375,-0.283362
2021-12-20,-1.145337,-3.208985,0.186047
2021-12-21,1.762176,3.448371,-0.230394
2021-12-22,1.012871,2.390331,0.460259
2021-12-23,0.620442,1.458686,-0.035329
2021-12-27,1.374407,2.14227,0.079474
2021-12-28,-0.10107,0.686471,-0.132491
2021-12-29,0.140092,0.747104,0.203082
2021-12-30,-0.299422,0.325924,-0.167733
2022-01-03,0.372417,-1.099344,-0.2477
2022-01-04,-0.062982,1.320367,0.05313
2022-01-05,-1.958327,1.072154,0.34466
2022-01-06,-0.096418,2.085263,-0.247328
2022-01-07,-0.405844,-0.593174,0.450034
2022-01-10,-0.144212,-1.132976,-0.26448
2022-01-11,0.911833,3.842763,0.308493
2022-01-12,0.281373,1.637378,0.59665
2022-01-13,-1.434596,-0.656617,0.288273
2022-01-14,0.081958,2.231832,-0.437102
2022-01-18,-1.855905,1.890862,-0.685717
2022-01-19,-0.973677,1.648708,0.088176
2022-01-20,-1.109879,-0.635363,-0.088176
2022-01-21,-1.909599,-1.318188,0.088176
2022-01-24,0.276792,-0.801702,-0.317797
2022-01-25,-1.224666,2.490046,-0.239012
2022-01-26,-0.149775,1.966452,-0.035458
2022-01-27,-0.539854,-0.818465,-1.231059
2022-01-28,2.405589,0.068462,0.170396
2022-01-31,1.870989,1.685274,0.464868
2022-02-01,0.683951,-1.059881,0.240524
2022-02-02,0.937843,-0.068035,0.532435
2022-02-03,-2.469348,2.254343,1.108971
2022-02-04,0.514371,2.302228,0.262238
2022-02-07,-0.370865,-1.111607,-0.183494
2022-02-08,0.836613,-2.137757,-0.157549
2022-02-09,1.441281,0.279502,0.166295
2022-02-10,-1.82818,0.289855,0.453713
2022-02-11,-1.91517,3.575519,-0.725179
2022-02-14,-0.384794,2.566147,-0.863061
2022-02-15,1.564374,-3.678649,0.50289
2022-02-16,0.088083,1.893548,0.158284
2022-02-17,-2.14005,-2.209023,-0.149483
2022-02-18,-0.719204,-0.568183,-0.326121
2022-02-22,-1.019465,0.927094,0.132339
2022-02-23,-1.858379,0.032564,-0.2295
2022-02-24,1.484606,0.681415,-1.441948
2022-02-25,2.212615,-1.181906,0.954725
2022-02-28,-0.24456,4.739719,-0.329109
2022-03-01,-1.559443,7.541487,-1.0839
2022-03-02,1.847098,6.60688,-0.009007
2022-03-03,-0.526857,-2.792838,-0.442339
2022-03-04,-0.796566,7.234873,-1.283878
2022-03-07,-2.996252,2.970052,-0.477679
2022-03-08,-0.726013,3.606813,0.193183
2022-03-09,2.537367,-12.777088,1.713026
2022-03-10,-0.430108,-2.682474,-0.561697
2022-03-11,-1.304629,3.140938,-0.63799
2022-03-14,-0.744863,-5.732525,0.383282
2022-03-15,2.118255,-6.814898,-0.045552
2022-03-16,2.2137,-1.641695,0.200273
2022-03-17,1.227219,8.214099,1.031403
2022-03-18,1.159477,1.656592,-0.595831
2022-03-21,-0.043477,6.874449,0.036212
2022-03-22,1.124077,-0.994766,-0.235614
2022-03-23,-1.234871,3.417471,-0.19071
2022-03-24,1.424203,-0.602385,0.04544
2022-03-25,0.50534,1.736155,-0.190987
2022-03-28,0.711956,-7.735699,-0.072853
2022-03-29,1.218203,-3.1164,1.150323
2022-03-30,-0.631361,3.357856,0.529933
2022-03-31,-1.577633,-6.991423,-0.629046
2022-04-01,0.340449,-1.210923,-0.451754
2022-04-04,0.805832,3.919361,-0.462901
2022-04-05,-1.263116,-1.276385,-0.648019
2022-04-06,-0.976439,-5.637425,-0.07328
2022-04-07,0.424435,-0.353357,-0.119195
2022-04-08,-0.265451,2.366366,-0.238817
2022-04-11,-1.702133,-4.290007,0.009196
2022-04-12,-0.342339,6.472424,-0.211718
2022-04-13,1.111268,3.653107,0.202522
2022-04-14,-1.221848,2.444461,-0.719892
2022-04-18,-0.020491,1.30186,-0.101942
2022-04-19,1.593004,-5.409802,0.037082
2022-04-20,-0.061872,0.019503,0.628294
2022-04-21,-1.486285,1.288465,-0.165929
2022-04-22,-2.813199,-0.996381,-0.453096
2022-04-25,0.568169,-3.220668,-0.80957
2022-04-26,-2.855003,2.987068,-0.393185
2022-04-27,0.209591,-0.645227,-1.056115
2022-04-28,2.444565,3.384597,-0.465581
2022-04-29,-3.69592,-0.837861,0.351762
2022-05-02,0.565927,0.562522,-0.151961
2022-05-03,0.482544,-2.551773,0.104498
2022-05-04,2.942524,5.049321,0.066442
2022-05-05,-3.630072,0.305542,-0.304096
2022-05-06,-0.569032,1.42276,0.61673
2022-05-09,-3.256155,-6.242628,-0.123042
2022-05-10,0.245487,-3.293859,-0.265529
2022-05-11,-1.66002,5.614415,0.056958
2022-05-12,-0.129684,0.614224,-1.539743
2022-05-13,2.358931,4.034331,0.327144
2022-05-16,-0.395424,3.161579,0.096015
2022-05-17,1.99689,-1.554939,1.069121
2022-05-18,-4.123377,-2.378705,-0.361458
2022-05-19,-0.585089,2.289626,0.882317
2022-05-20,0.014611,0.373599,-0.264826
2022-05-23,1.838502,-2.072288,1.027003
2022-05-24,-0.815395,2.001233,0.709885
2022-05-25,0.940639,0.292774,-0.803668
2022-05-26,1.968814,2.890147,0.626668
2022-05-27,2.44411,-1.064254,-0.149296
2022-05-31,-0.629406,-0.5058,0.205224
2022-06-01,-0.751092,0.766421,-0.795251
2022-06-02,1.826326,1.395732,0.813887
2022-06-03,-1.648246,1.772359,-0.111867
2022-06-06,0.313246,-0.471818,-0.205416
2022-06-07,0.947833,0.958152,-0.018695
2022-06-08,-1.085259,1.979443,0.401176
2022-06-09,-2.408647,-0.345026,-0.785198
2022-06-10,-2.954243,-0.652221,-1.274985
2022-06-13,-3.953987,0.157252,-0.811189
2022-06-14,-0.378084,-1.667817,-0.191828
2022-06-15,1.448706,-3.074013,-0.269179
2022-06-16,-3.305222,1.923797,1.367199
2022-06-17,0.219843,-7.04765,-0.552277
2022-06-21,2.418249,0.845267,0.713575
2022-06-22,-0.130238,-3.94126,0.331267
2022-06-23,0.948705,-0.44346,-0.758801
2022-06-24,3.010554,3.091206,0.342173
2022-06-27,-0.297753,2.149645,0.586567
2022-06-28,-2.034866,1.972521,-0.634022
2022-06-29,-0.071201,-1.784256,-0.542574
2022-06-30,-0.879781,-3.546245,-0.076387
2022-07-01,1.049846,2.329739,-0.574769
2022-07-05,0.158292,-8.265264,-1.500294
2022-07-06,0.356675,-1.22859,-0.793072
2022-07-07,1.485371,4.206935,-0.137714
2022-07-08,-0.083056,2.043591,0.186852
2022-07-11,-1.159443,-0.648285,-0.888193
2022-07-12,-0.92869,-8.248859,-0.18852
2022-07-13,-0.446686,0.764803,0.119107
2022-07-14,-0.30031,-0.66249,-0.527128
2022-07-15,1.901922,1.823944,0.606454
2022-07-18,-0.839879,4.793391,0.701272
2022-07-19,2.725356,1.557486,0.764785
2022-07-20,0.58785,-1.586204,-0.205329
2022-07-21,0.981305,-5.926126,-0.195944
2022-07-22,-0.937627,-0.744332,0.274214
2022-07-25,0.131425,2.146483,-0.137013
2022-07-26,-1.161033,-2.115785,-0.934724
2022-07-27,2.582003,2.315925,-0.079114
2022-07-28,1.206036,-0.92398,0.542648
2022-07-29,1.410775,2.195478,0.383011
2022-08-01,-0.282704,-4.770991,0.664324
2022-08-02,-0.66847,0.567802,-0.742771
2022-08-03,1.551746,-4.086918,-0.471977
2022-08-04,-0.077765,-2.124281,0.736489
2022-08-05,-0.162707,0.524419,-0.500222
2022-08-08,-0.123835,1.888987,0.363155
2022-08-09,-0.425778,-0.364221,0.185974
2022-08-10,2.106715,1.596968,1.079619
2022-08-11,-0.070567,2.441436,0.009674
2022-08-12,1.717407,-2.251502,-0.786603
2022-08-15,0.396163,-2.800824,-0.694617
2022-08-16,0.187391,-3.317657,-0.117878
2022-08-17,-0.726408,1.799249,-0.098338
2022-08-18,0.226694,2.553793,-0.493146
2022-08-19,-1.298387,0.374833,-0.744309
2022-08-22,-2.163243,-0.13906,-1.031298
2022-08-23,-0.224031,3.202296,0.401768
2022-08-24,0.291191,-0.979276,-0.090257
2022-08-25,1.399322,-2.319405,-0.080297
2022-08-26,-3.426853,0.320925,0.390841
2022-08-29,-0.668872,3.947537,0.020002
2022-08-30,-1.108937,-5.616845,0.179838
2022-08-31,-0.784776,-2.184859,0.468058
2022-09-01,0.299173,-3.38671,-1.149151
2022-09-02,-1.079453,0.229384,0.800805
2022-09-06,-0.410345,0.068713,-1.16327
2022-09-07,1.81748,-5.712474,0.282031
2022-09-08,0.658901,1.849458,0.140718
2022-09-09,1.515597,3.771389,0.899916
2022-09-12,1.052864,1.037342,0.822805
2022-09-13,-4.419911,-0.38632,-1.311755
2022-09-14,0.338127,1.177017,-0.04002
2022-09-15,-1.138229,-3.620097,-0.020016
2022-09-16,-0.720804,-0.175142,0.219956
2022-09-19,0.683375,0.675521,-0.09992
2022-09-20,-1.133612,-1.709243,-0.090014
2022-09-21,-1.726467,-1.558906,-1.14724
2022-09-22,-0.846331,0.764639,-0.395518
2022-09-23,-1.738283,-6.072133,-1.24746
2022-09-26,-1.039438,-2.432276,-0.992667
2022-09-27,-0.212261,2.229718,-0.072769
2022-09-28,1.948114,4.582278,0.673682
2022-09-29,-2.135278,-1.009802,0.95606
2022-09-30,-1.518139,-2.313171,0.092039
2022-10-03,2.555463,5.051086,0.265415
2022-10-04,3.012534,3.300089,1.698211
2022-10-05,-0.202001,1.542095,-1.118794
2022-10-06,-1.029792,0.767845,-0.610006
2022-10-07,-2.840317,4.583976,-0.214384
2022-10-11,-1.406124,-3.632387,-0.286562
2022-10-12,-0.329618,-2.16249,-0.668417
2022-10-13,2.563429,1.984058,0.903868
2022-10-14,-2.394716,-3.97343,-0.420104
2022-10-17,2.613556,-0.116212,1.06221
2022-10-18,1.136276,-3.20188,-0.01016
2022-10-19,-0.669444,3.20188,-0.631946
2022-10-20,-0.798272,0.023253,0.438709
2022-10-21,2.344777,-0.641439,0.325237
2022-10-24,1.181192,0.757624,0.19261
2022-10-25,1.613577,0.936152,0.857163
2022-10-26,-0.741514,2.790562,1.088541
2022-10-27,-0.610117,-0.369852,-0.827811
2022-10-28,2.432803,-1.367949,-0.512075
2022-10-31,-0.748231,-1.502408,-0.494476
2022-11-01,-0.410969,2.081264,-0.141729
2022-11-02,-2.53198,1.905674,0.040515
2022-11-03,-1.064241,-2.154966,-1.181637
2022-11-04,1.352678,4.914668,1.383964
2022-11-07,0.956806,-0.846084,1.025547
2022-11-08,0.558227,-3.322565,0.916067
2022-11-09,-2.099677,-3.44842,-0.516746
2022-11-10,5.39525,0.847315,1.375374
2022-11-14,0.02224,-0.777401,1.569768
2022-11-15,0.867538,1.181116,0.338018
2022-11-16,-0.82863,-1.449385,0.221505
2022-11-17,-0.309411,-4.698731,-0.520835
2022-11-18,0.474729,-2.003034,0.077332
2022-11-21,-0.389121,-0.412991,-1.078361
2022-11-22,1.348857,1.357684,0.370479
2022-11-23,0.589728,-3.65372,0.852718
2022-11-25,-0.028311,-1.917406,0.365983
2022-11-28,-1.556465,0.846635,-0.153935
2022-11-29,-0.159312,1.109259,-0.289268
2022-11-30,3.047859,3.181283,-0.319165
2022-12-01,-0.0868,0.718091,1.681035
2022-12-02,-0.119535,-1.491452,0.21885
2022-12-05,-1.805628,-3.867991,-0.256959
2022-12-06,-1.450385,-3.469628,0.028584
2022-12-07,-0.186408,-3.120549,0.076183
2022-12-08,0.749361,-0.87971,0.446408
2022-12-09,-0.737669,-0.351247,-0.018956
2022-12-12,1.417826,2.652749,-0.047405
2022-12-13,0.726326,3.342629,0.802838
2022-12-14,-0.607116,2.228431,0.234907
2022-12-15,-2.523746,-1.633703,-0.159677
2022-12-16,-1.120027,-2.265555,-0.263554
2022-12-19,-0.904828,1.152519,0.131864
2022-12-20,0.103675,1.15256,0.103486
2022-12-21,1.475859,2.920579,-0.339079
2022-12-22,-1.455713,-0.628812,-0.103837
2022-12-23,0.585091,2.403931,0.311189
2022-12-27,-0.405783,-0.150924,0.310224
2022-12-28,-1.209346,-0.707342,-0.300809
2022-12-29,1.731062,-0.584797,0.432128
2022-12-30,-0.254397,2.181813,0.28082
2023-01-03,-0.400854,-4.190895,-1.307823
2023-01-04,0.751067,-5.412504,0.576044
2023-01-05,-1.17139,1.079024,-0.927071
2023-01-06,2.258384,0.217126,0.917655
2023-01-09,-0.076793,1.239407,1.309776
2023-01-10,0.695402,0.560749,-0.204689
2023-01-11,1.276754,3.080797,0.027937
2023-01-12,0.341013,1.104132,0.769841
2023-01-13,0.398885,1.997285,-0.110937
2023-01-17,-0.203253,0.437091,-0.166636
2023-01-18,-1.5685,-0.901245,0.314524
2023-01-19,-0.766767,0.975984,-0.157138
2023-01-20,1.874167,1.18828,0.194076
2023-01-23,1.181133,0.429739,0.313422
2023-01-24,-0.071173,-2.179923,0.073604
2023-01-25,-0.018175,-0.100226,0.257188
2023-01-26,1.094772,1.072196,-0.321588
2023-01-27,0.24917,-1.134888,-0.082861
2023-01-30,-1.305356,-2.232179,0.092064
2023-01-31,1.453629,1.24906,-0.082854
2023-02-01,1.039809,-3.361769,0.541907
2023-02-02,1.459243,-0.61757,0.00916
2023-02-03,-1.040864,-3.309741,-0.855453
2023-02-06,-0.615942,0.962654,-0.956057
2023-02-07,1.279038,4.04603,-0.158678
2023-02-08,-1.114254,1.670561,0.270535
2023-02-09,-0.886904,-0.549487,0.251221
2023-02-10,0.219287,2.154983,-0.849242
2023-02-13,1.138355,0.500376,0.448851
2023-02-14,-0.028042,-1.331511,0.037313
2023-02-15,0.276929,-0.647005,-0.364401
2023-02-16,-1.388464,-0.152847,0.00936
2023-02-17,-0.277129,-2.765749,-0.056175
2023-02-21,-2.024478,-0.039321,-0.19686
2023-02-22,-0.157479,-3.102159,-0.319549
2023-02-23,0.531527,1.75596,-0.377252
2023-02-24,-1.059346,1.228144,-0.359713
2023-02-27,0.30683,-0.817084,0.482476
2023-02-28,-0.30406,1.718639,0.056609
2023-03-01,-0.473646,0.893499,0.676822
2023-03-02,0.755354,0.616889,-0.742869
2023-03-03,1.60188,1.991567,0.198011
2023-03-06,0.068692,0.962447,0.732054
2023-03-07,-1.544564,-3.725722,-1.137925
2023-03-08,0.141382,-1.155782,-0.227251
2023-03-09,-1.863187,-1.261846,0.265076
2023-03-10,-1.458397,1.248784,0.772277
2023-03-13,-0.151088,-2.47318,0.69185
2023-03-14,1.634238,-4.800044,-0.10254
2023-03-15,-0.700534,-5.486364,-1.759466
2023-03-16,1.740955,1.136292,0.822427
2023-03-17,-1.108059,-2.285644,0.235084
2023-03-20,0.887882,1.416138,0.701954
2023-03-21,1.289864,2.687078,0.437393
2023-03-22,-1.660021,1.870014,0.213348
2023-03-23,0.298008,-1.338289,0.903982
2023-03-24,0.562396,-0.791428,-1.182353
2023-03-27,0.164559,5.138719,0.250569
2023-03-28,-0.157508,0.34249,0.508484
2023-03-29,1.413686,-0.232765,-0.166128
2023-03-30,0.569899,1.860582,0.672039
2023-03-31,1.433333,1.813383,-0.248037
2023-04-03,0.369209,6.050025,0.174608
2023-04-04,-0.581392,0.37244,0.549402
2023-04-05,-0.249543,-0.012392,-0.301797
2023-04-06,0.357274,0.012392,0.082399
2023-04-10,0.099585,-1.134039,-0.799379
2023-04-11,-0.004137,2.169551,0.60701
2023-04-12,-0.414346,2.087454,0.739966
2023-04-13,1.317545,-1.329968,0.60796
2023-04-14,-0.20715,0.509895,-0.671692
2023-04-17,0.330078,-2.018294,-0.593745
2023-04-18,0.085478,-0.0989,0.393179
2023-04-19,-0.008424,-2.087184,-0.045639
2023-04-20,-0.597034,-2.441796,0.155088
2023-04-21,0.090279,0.760656,0.027344
2023-04-24,0.085121,0.996813,0.49091
2023-04-25,-1.593715,-2.042591,-0.536487
2023-04-26,-0.384861,-3.593992,0.762946
2023-04-27,1.937717,0.59021,-0.317187
2023-04-28,0.821936,2.652745,0.208551
2023-05-01,-0.038621,-1.482675,-0.636077
2023-05-02,-1.16539,-5.348723,0.245823
2023-05-03,-0.702289,-4.404617,0.471742
2023-05-04,-0.724491,-0.145836,-0.362681
2023-05-05,1.830616,4.005112,0.1543
2023-05-08,0.0452,2.506189,-0.054432
2023-05-09,-0.458989,0.749271,-0.609841
2023-05-10,0.447389,-1.573112,0.118619
2023-05-11,-0.169806,-2.400004,-0.456997
2023-05-12,-0.158455,-1.121932,-0.551168
2023-05-15,0.295387,1.488439,0.16567
2023-05-16,-0.639814,-0.310034,-0.073597
2023-05-17,1.182066,2.687623,-0.331859
2023-05-18,0.940077,-1.32782,-0.499862
2023-05-19,-0.144696,-0.3487,0.398241
2023-05-22,0.015505,0.334775,-0.120231
2023-05-23,-1.128552,1.465329,-0.32442
2023-05-24,-0.734555,2.03756,-0.120767
2023-05-25,0.871956,-3.684087,-0.30722
2023-05-26,1.296458,0.930368,-0.111951
2023-05-30,0.001664,-4.090838,0.083975
2023-05-31,-0.612737,-1.948302,-0.63623
2023-06-01,0.980623,2.865609,0.915638
2023-06-02,1.442979,2.354709,-0.260756
2023-06-05,-0.200557,0.528146,-0.027979
2023-06-06,0.235112,-0.597847,-0.242809
2023-06-07,-0.381928,1.123218,0.06543
2023-06-08,0.616954,-1.72466,0.726193
2023-06-09,0.114747,-1.583744,-0.287984
2023-06-12,0.92779,-4.489241,-0.018608
2023-06-13,0.690866,3.385683,0.417847
2023-06-14,0.081907,-1.700499,0.618911
2023-06-15,1.210458,3.4434,0.679151
2023-06-16,-0.367838,1.685196,-0.0732
2023-06-20,-0.474638,-1.218929,-0.229095
2023-06-21,-0.525908,2.244153,0.466799
2023-06-22,0.370389,-4.698614,0.018262
2023-06-23,-0.768827,-0.448853,-0.604397
2023-06-26,-0.449688,0.26087,0.211038
2023-06-27,1.139066,-2.061929,0.466372
2023-06-28,-0.035407,2.711141,-0.521382
2023-06-29,0.446355,0.444796,-0.211155
2023-06-30,1.219436,1.152956,0.357782
2023-07-03,0.117,-1.353586,-0.009158
2023-07-05,-0.197025,2.926211,-0.46817
2023-07-06,-0.795407,-0.027867,0.045996
2023-07-07,-0.286929,2.952092,0.833453
2023-07-10,0.240223,-1.1704,0.245958
2023-07-11,0.671959,2.460914,0.009098
2023-07-12,0.738382,1.194916,1.18473
2023-07-13,0.843451,1.428315,0.636288
2023-07-14,-0.102491,-1.864795,0.383398
2023-07-17,0.384794,-1.697788,-0.0089
2023-07-18,0.709208,2.121069,-0.115767
2023-07-19,0.235508,-0.476317,-0.249799
2023-07-20,-0.677981,0.331017,-0.537395
2023-07-21,0.03241,1.84669,-0.134801
2023-07-24,0.402597,2.245555,-0.333289
2023-07-25,0.281076,1.198223,-0.298197
2023-07-26,-0.015546,-0.818284,0.253073
2023-07-27,-0.644543,1.331009,-0.724772
2023-07-28,0.982941,0.472873,0.372102
2023-07-31,0.146764,1.539913,-0.172265
2023-08-01,-0.266865,-0.527059,-0.445638
2023-08-02,-1.393624,-2.324963,-0.292104
2023-08-03,-0.255123,2.558192,0.073106
2023-08-04,-0.531409,1.460591,0.809721
2023-08-07,0.898358,-0.995758,-0.326738
2023-08-08,-0.422719,1.213018,-0.44645
2023-08-09,-0.706364,1.685735,0.218918
2023-08-10,0.025066,-1.842598,0.37288
2023-08-11,-0.10702,0.433788,-0.537024
2023-08-14,0.573391,-0.808841,-0.319942
2023-08-15,-1.161806,-1.760867,0.05492
2023-08-16,-0.758413,-2.069125,-0.219861
2023-08-17,-0.774276,1.288887,-0.275508
2023-08-18,-0.014874,1.014358,0.009196
2023-08-21,0.685562,-0.666834,0.119469
2023-08-22,-0.278128,-0.571572,-0.386492
2023-08-23,1.098434,-1.68388,0.147411
2023-08-24,-1.354942,0.77006,-0.331981
2023-08-25,0.669552,1.187588,-0.360894
2023-08-28,0.624506,0.223436,0.212993
2023-08-29,1.440411,0.605725,0.378561
2023-08-30,0.38258,0.614328,0.688803
2023-08-31,-0.159822,2.312592,-0.799453
2023-09-01,0.179754,2.330501,-0.480904
2023-09-05,-0.420301,1.416487,-0.557778
2023-09-06,-0.699599,0.929492,-0.121263
2023-09-07,-0.321647,-0.779731,-0.093379
2023-09-08,0.142558,0.734032,0.046701
2023-09-11,0.670101,-0.240261,0.326295
2023-09-12,-0.571216,1.782416,-0.167676
2023-09-13,0.124085,-0.315564,0.102502
2023-09-14,0.839455,1.723409,-0.71973
2023-09-15,-1.223408,0.773655,0.121877
2023-09-18,0.072104,0.702142,0.205915
2023-09-19,-0.215342,-0.339485,-0.102905
2023-09-20,-0.94392,-2.173516,0.289733
2023-09-21,-1.653687,0.402775,-0.477105
2023-09-22,-0.229825,0.490088,-0.037516
2023-09-25,0.401502,-0.356189,-0.649383
2023-09-26,-1.484413,1.932587,-0.1701
2023-09-27,0.022929,2.420432,-0.59764
2023-09-28,0.587578,-2.180099,0.644919
2023-09-29,-0.271317,-0.964814,0.056705
2023-10-02,0.007929,-2.182958,-0.796817
2023-10-03,-1.383941,0.50542,-0.448624
2023-10-04,0.807709,-5.693437,0.619906
2023-10-05,-0.130487,-2.424798,0.085531
2023-10-06,1.174563,0.641921,0.653319
2023-10-10,1.147849,3.627709,0.20741
2023-10-11,0.428383,-2.582843,0.018834
2023-10-12,-0.626595,-0.996586,-0.632884
2023-10-13,-0.503148,5.630665,-0.484446
2023-10-16,1.053862,-1.170275,0.418093
2023-10-17,-0.009832,0.01154,0.444676
2023-10-18,-1.349039,1.931378,-0.577516
2023-10-19,-0.851901,1.125504,0.360156
2023-10-20,-1.266519,-0.257747,0.20792
2023-10-23,-0.168696,-4.158437,0.508524
2023-10-24,0.723949,-1.070158,-0.480204
2023-10-25,-1.44434,1.746309,-0.113325
2023-10-26,-1.190307,-2.672791,-0.48307
2023-10-27,-0.481187,2.63793,0.568076
2023-10-30,1.193854,-3.561032,0.264002
2023-10-31,0.645409,-1.688265,-0.490845
2023-11-01,1.045118,-0.725309,-0.28428
2023-11-02,1.868296,2.425617,0.75629
2023-11-03,0.934987,-2.253033,1.077243
2023-11-06,0.175143,0.430161,0.130354
2023-11-07,0.283612,-4.489782,-0.55986
2023-11-08,0.100443,-2.743817,0.261658
2023-11-09,-0.811676,0.643934,-0.046674
2023-11-13,1.465964,3.247708,-0.093414
2023-11-14,1.889528,0.05071,1.493465
2023-11-15,0.159581,-2.242965,-0.073685
2023-11-16,0.118964,-4.846617,-0.01843
2023-11-17,0.128128,3.96131,0.257708
2023-11-20,0.736313,2.109155,0.604841
2023-11-21,-0.202299,0.319591,-0.201207
2023-11-22,0.405287,-1.998133,-0.477196
2023-11-24,0.059676,-2.598577,0.577851
2023-11-27,-0.195614,-0.495681,0.027434
2023-11-28,0.097965,2.165478,0.63799
2023-11-29,-0.094668,1.913498,-0.345832
2023-11-30,0.377699,-2.480221,-0.557665
2023-12-01,0.585654,-2.624682,-0.275406
2023-12-04,-0.542317,-1.324885,-0.497651
2023-12-05,-0.056912,-1.078252,-0.342419
2023-12-06,-0.391378,-4.215483,0.027807
2023-12-07,0.793661,0.02899,0.037064
2023-12-08,0.408707,2.674071,-0.445683
2023-12-11,0.391685,0.112819,0.009305
2023-12-12,0.458876,-3.850497,0.399313
2023-12-13,1.355842,1.193957,0.0278
2023-12-14,0.264357,3.022326,1.872473
2023-12-15,-0.007628,-0.22494,-0.830941
2023-12-18,0.45181,1.550202,0.128287
2023-12-19,0.584926,1.47193,0.52062
2023-12-20,-1.479314,0.870162,-0.182365
2023-12-21,1.024879,-0.379764,0.300725
2023-12-22,0.165871,-0.408497,0.163651
2023-12-26,0.422274,3.420168,0.244976
2023-12-27,0.142942,-2.038033,0.713354
2023-12-28,0.03701,-3.130167,-0.369586
2023-12-29,-0.283047,-0.180669,-0.09939
2024-01-02,-0.567666,-1.782378,-0.953729
2024-01-03,-0.804861,3.273501,-0.439038
2024-01-04,-0.34343,-0.811838,0.439038
2024-01-05,0.182401,2.213508,0.0
2024-01-08,1.401599,-4.05405,0.173255
2024-01-09,-0.147899,1.909599,-0.374242
2024-01-10,0.564994,-1.194459,0.228363
2024-01-11,-0.067129,0.807129,-0.15523
2024-01-12,0.075073,1.08899,0.146105
2024-01-16,-0.37383,-0.425913,-0.705099
2024-01-17,-0.563273,0.220052,-0.220791
2024-01-18,0.876672,2.080151,0.046038
2024-01-19,1.223828,-0.851299,0.22069
2024-01-22,0.21919,2.108168,0.073455
2024-01-23,0.291713,-0.720099,-0.607625
2024-01-24,0.081166,1.011993,0.662681
2024-01-25,0.524651,3.168659,-0.588832
2024-01-26,-0.065201,0.690716,0.267244
2024-01-29,0.752837,-1.541456,-0.544458
2024-01-30,-0.060084,1.350069,0.341786
2024-01-31,-1.623679,-2.613682,0.101387
2024-02-01,1.241628,-2.549262,0.092081
2024-02-02,1.062779,-2.230171,-0.720491
2024-02-05,-0.319146,0.671557,-0.473913
2024-02-06,0.230776,0.843313,0.139619
2024-02-07,0.820767,0.58073,0.167286
2024-02-08,0.05704,3.193805,0.046419
2024-02-09,0.572598,0.766586,0.074225
2024-02-12,-0.09494,0.103493,-0.074225
2024-02-13,-1.376862,1.208086,-0.502467
2024-02-14,0.953413,-1.531857,0.139828
2024-02-15,0.58044,1.774282,0.241906
2024-02-16,-0.481501,1.492565,0.074315
2024-02-20,-0.602341,-1.174478,0.416995
2024-02-21,0.126339,0.215722,0.036982
2024-02-22,2.090289,0.9462,-0.027735
2024-02-23,0.034788,-2.594905,0.120131
2024-02-26,-0.379394,1.191329,0.249043
2024-02-27,0.170482,1.604279,0.018423
2024-02-28,-0.165945,-0.452148,-0.129032
2024-02-29,0.521542,-0.277323,-0.332564
2024-03-01,0.797593,2.098503,0.231064
2024-03-04,-0.1194,-1.532072,0.276574
2024-03-05,-1.024535,-0.705381,-0.009207
2024-03-06,0.512796,1.218685,0.477635
2024-03-07,1.025138,-0.337733,0.256246
2024-03-08,-0.654994,-1.070741,0.0
2024-03-11,-0.112287,-0.114047,-0.11889
2024-03-12,1.11395,-0.457492,-0.09155
2024-03-13,-0.192639,2.714075,0.237856
2024-03-14,-0.287521,1.830181,-0.51301
2024-03-15,-0.6504,-0.268129,0.0
2024-03-18,0.629817,2.101273,-0.018371
2024-03-19,0.563328,0.844891,-0.248333
2024-03-20,0.88647,-1.914163,-0.027631
2024-03-21,0.323137,-0.970999,0.046047
2024-03-22,-0.140325,-1.091433,-0.405942
2024-03-25,-0.30596,1.602383,0.184723
2024-03-26,-0.280375,0.0,-0.073848
2024-03-27,0.859357,-0.315994,-0.073903
2024-03-28,0.111589,2.179365,-0.184997
2024-04-01,-0.20156,0.68843,-0.631561
2024-04-02,-0.72654,1.654094,0.334853
2024-04-03,0.109049,0.313644,0.537138
2024-04-04,-1.241098,1.32498,0.35036
2024-04-05,1.103807,0.365589,-0.221137
2024-04-08,-0.037476,-0.514493,0.11063
2024-04-09,0.144445,-1.385064,0.027638
2024-04-10,-0.950198,1.08659,-1.10222
2024-04-11,0.741724,-1.377576,-0.139802
2024-04-12,-1.465761,0.777943,-0.701954
2024-04-15,-1.209413,-0.28957,-0.028181
2024-04-16,-0.205869,-0.069622,-0.150433
2024-04-17,-0.579734,-3.028571,0.150433
2024-04-18,-0.221063,-0.095763,0.150207
2024-04-19,-0.87971,0.346704,-0.046915
2024-04-22,0.869333,0.035797,0.0
2024-04-23,1.189362,0.416692,0.374708
2024-04-24,0.021297,-0.095091,-0.074829
2024-04-25,-0.458694,0.982198,0.317639
2024-04-26,1.015737,0.540224,-0.326996
2024-04-29,0.317342,-1.320462,0.289679
2024-04-30,-1.585555,-0.918039,-0.308397
2024-05-01,-0.344139,-3.398829,-0.037446
2024-05-02,0.908701,-0.1364,0.24315
2024-05-03,1.247859,-1.173254,0.596016
2024-05-06,1.027314,0.563382,0.083531
2024-05-07,0.134254,-0.162429,-0.11139
2024-05-08,-0.000578,0.747481,-0.111514
2024-05-09,0.5078,0.359289,0.148657
2024-05-10,0.164802,-1.307045,0.018567
2024-05-13,-0.024128,1.121367,0.213269
2024-05-14,0.48261,-1.359717,0.203572
2024-05-15,1.164788,0.763219,0.38749
2024-05-16,-0.208387,0.769808,0.138026
2024-05-17,0.116411,0.99687,-0.055188
2024-05-20,0.0916,-0.331187,-0.073631
2024-05-21,0.24987,-0.900963,-0.055259
2024-05-22,-0.270972,-1.8898,-0.175188
2024-05-23,-0.740818,-2.145402,-0.083091
2024-05-24,0.697658,1.295305,0.230638
2024-05-28,0.02488,3.037001,0.248493
2024-05-29,-0.739435,-0.819168,-0.627019
2024-05-30,-0.599292,-1.608075,0.240207
2024-05-31,0.799586,-1.261726,0.083014
2024-06-03,0.111543,-3.537535,0.404859
2024-06-04,0.150169,-1.324168,-0.110254
2024-06-05,1.177803,1.084711,-0.119579
2024-06-06,-0.019987,1.899793,0.165533
2024-06-07,-0.111589,0.013068,-0.700787
2024-06-10,0.257757,2.859546,-0.51953
2024-06-11,0.270675,0.164943,-0.167567
2024-06-12,0.846773,0.858374,1.01966
2024-06-13,0.234183,0.062826,-0.805597
2024-06-14,-0.039391,-0.251541,-0.531346
2024-06-17,0.763519,2.389065,0.224069
2024-06-18,0.251819,1.634183,0.149101
2024-06-20,-0.252915,0.807185,-0.289085
2024-06-21,-0.156339,-1.975223,-0.130829
2024-06-24,-0.306988,1.119642,0.308109
2024-06-25,0.392593,-0.801948,-0.205301
2024-06-26,0.157118,0.268031,-0.215084
2024-06-27,0.090687,1.028878,0.243104
2024-06-28,-0.409199,-0.25321,0.028013
2024-07-01,0.267202,2.232529,0.15859
2024-07-02,0.617622,-0.722795,0.083857
2024-07-03,0.507152,1.29964,0.575782
2024-07-05,0.543399,-0.884283,0.268183
2024-07-08,0.101615,-0.963892,0.064626
2024-07-09,0.074082,-1.021582,-0.203252
2024-07-10,1.015628,0.734191,0.092439
2024-07-11,-0.880163,0.633557,0.43332
2024-07-12,0.550185,-0.51371,0.293956
2024-07-15,0.28222,-0.323916,0.091684
2024-07-16,0.636905,-1.574454,-0.247741
2024-07-17,-1.402541,2.697659,0.440004
2024-07-18,-0.784708,0.011881,-0.1831
2024-07-19,-0.716591,-3.309481,-0.229347
2024-07-22,1.073419,-0.221293,-0.073502
2024-07-23,-0.155933,-3.77498,-0.230044
2024-07-24,-2.342118,0.687813,-0.018426
2024-07-25,-0.515595,0.821697,0.073685
2024-07-26,1.102944,-1.075892,-0.018416
2024-07-29,0.081299,-1.681143,-0.369038
2024-07-30,-0.49725,-1.43381,-0.092473
2024-07-31,1.567001,4.102678,0.129438
2024-08-01,-1.378819,-2.062454,-0.31464
2024-08-02,-1.855289,-3.601515,1.151927
2024-08-05,-3.042705,-0.70927,0.393215
2024-08-06,1.030091,0.187844,-0.283325
2024-08-07,-0.776476,2.750041,-0.009153
2024-08-08,2.278113,1.244184,-0.100737
2024-08-09,0.466078,0.820938,0.100737
2024-08-12,0.004304,3.969719,0.027456
2024-08-13,1.670723,-2.034053,0.237638
2024-08-14,0.381648,-1.693242,0.637003
2024-08-15,1.600444,1.505119,-0.345298
2024-08-16,0.198784,-2.041793,0.090984
2024-08-19,0.967533,-2.898754,0.670718
2024-08-20,-0.198655,-0.728046,0.324676
2024-08-21,0.423072,-3.39153,0.3326
2024-08-22,-0.897295,1.310778,-0.260592
2024-08-23,1.141799,2.808798,0.556305
2024-08-26,-0.315871,3.346182,-0.107431
2024-08-27,0.159393,-2.453319,-0.035836
2024-08-28,-0.599397,-1.329054,-0.296137
2024-08-29,-0.003934,1.850568,-0.369154
2024-08-30,1.004247,-3.143833,-0.234805
2024-09-03,-2.137801,-4.445176,-0.153825
2024-09-04,-0.160377,-1.655035,0.343519
2024-09-05,-0.302264,-0.028531,0.135275
2024-09-06,-1.74109,-2.177918,-0.090163
2024-09-09,1.151356,1.548175,-0.397687
2024-09-10,0.446266,-4.282807,-0.154076
2024-09-11,1.060858,2.252281,-0.117983
2024-09-12,0.746737,2.374514,0.263003
2024-09-13,0.53931,-0.43017,0.397723
2024-09-16,0.125587,2.146646,0.342219
2024-09-17,0.026447,1.479854,-0.044962
2024-09-18,-0.29006,-0.402694,-0.01799
2024-09-19,1.683429,1.368086,0.278489
2024-09-20,-0.194286,-0.192334,0.107594
2024-09-23,0.280533,-1.929945,-0.260218
2024-09-24,0.250797,1.406023,0.179533
2024-09-25,-0.186291,-2.689991,-0.0628
2024-09-26,0.403048,-3.086042,0.367269
2024-09-27,-0.125397,0.642338,-0.223784
2024-09-30,0.422759,0.043646,-0.125538
2024-10-01,-0.936785,2.385856,-0.702326
2024-10-02,0.013837,0.467589,-0.153728
2024-10-03,-0.168281,4.950345,-0.317245
2024-10-04,0.893028,0.803971,-0.491446
2024-10-07,-0.963228,3.707282,0.136755
2024-10-08,0.964272,-4.605471,-0.05468
2024-10-09,0.70882,-0.553644,-0.17335
2024-10-10,-0.207223,3.473172,-0.237704
2024-10-11,0.603361,-0.458807,0.155485
2024-10-15,0.003955,-6.640598,-0.393755
2024-10-16,0.466816,-0.351643,-0.238839
2024-10-17,-0.017118,0.407791,-0.331645
2024-10-18,0.396374,-2.098772,0.156747
2024-10-21,-0.182444,1.958343,-0.31374
2024-10-22,-0.0475,2.333439,-0.138728
2024-10-23,-0.923378,-2.038764,-0.240919
2024-10-24,0.214348,-1.113079,0.250174
2024-10-25,-0.029954,2.019704,0.064758
2024-10-28,0.264795,-6.25965,0.055473
2024-10-29,0.161284,-0.25161,-0.194292
2024-10-30,-0.330569,2.097005,0.609364
2024-10-31,-1.879018,0.967586,-0.082877
2024-11-01,0.408423,0.33001,-0.064507
2024-11-04,-0.281607,2.852495,0.331309
2024-11-05,1.219106,0.596851,0.330215
2024-11-06,2.498123,-0.388242,-1.736604
2024-11-07,0.740374,0.981552,0.557519
2024-11-08,0.37498,-2.78997,-0.762723
2024-11-12,-0.192829,-3.24928,-1.051258
2024-11-13,0.023226,0.481086,-0.292937
2024-11-14,-0.606812,0.333939,-0.047328
2024-11-15,-1.329146,-2.435566,-0.094724
2024-11-18,0.391016,3.114514,0.321696
2024-11-19,0.395577,0.416637,-0.0756
2024-11-20,0.002197,-0.719428,-0.540311
2024-11-21,0.532624,1.632806,-0.438179
2024-11-22,0.346198,1.816056,-0.728182
2024-11-25,0.301588,-3.218082,0.756817
2024-11-26,0.570574,-0.520007,0.028627
2024-11-27,-0.380854,-0.028969,0.892863
2024-11-29,0.559218,-1.121725,-0.265127
2024-12-02,0.244546,0.131762,-0.599117
2024-12-03,0.045135,2.599424,0.323779
2024-12-04,0.603312,-1.928672,0.085531
2024-12-05,-0.187146,-0.334814,0.417102
2024-12-06,0.249232,0.0,-0.075707
2024-12-09,-0.616318,0.102019,0.066247
2024-12-10,-0.296829,0.290909,-0.550234
2024-12-11,0.813266,2.46749,-0.038059
2024-12-12,-0.542874,-0.454482,0.057083
2024-12-13,-0.002644,1.819643,-0.152294
2024-12-16,0.379212,-0.715441,0.13327
2024-12-17,-0.387144,-1.018829,-0.057094
2024-12-18,-2.993655,0.694496,-0.352801
2024-12-19,-0.086547,-0.993621,-1.075589
2024-12-20,1.081048,-0.557901,0.702365
2024-12-23,0.72609,-0.301703,-0.201545
2024-12-24,1.09822,1.952046,-0.201952
2024-12-26,-0.040571,-0.693808,0.336361
2024-12-27,-1.11173,1.270665,0.0
2024-12-30,-1.075969,0.629329,-0.355616
2024-12-31,-0.4294,0.984956,-0.337561
