date,indpro,payems,unrate,tcu,cpiaucsl,cpilfesl,ppiaco,pcepi
1980-01-01,0.539404,0.141069,0.3,0.2931,1.420295,1.312355,2.135312,1.04248
1980-02-01,0.027076,0.091368,0.0,-0.1347,1.273903,1.037623,1.97566,1.077037
1980-03-01,-0.407881,0.122061,0.0,-0.4957,1.3828,1.409376,0.688076,1.220997
1980-04-01,-2.006304,-0.159478,0.6,-1.8092,0.993797,1.138532,0.342271,0.519877
1980-05-01,-2.490851,-0.473331,0.6,-2.1578,0.984018,0.751883,0.567861,0.774783
1980-06-01,-1.300644,-0.353422,0.1,-1.1749,0.974429,1.11733,0.451978,0.629479
1980-07-01,-0.705882,-0.290095,0.2,-0.6989,0.121139,-0.247219,1.787757,0.77427
1980-08-01,0.313065,0.287876,-0.1,0.093,0.723767,0.616905,1.320151,0.82933
1980-09-01,1.636578,0.126448,-0.2,1.1263,0.837827,0.9792,0.218341,0.920756
1980-10-01,1.263154,0.306581,0.0,0.8371,0.948999,1.090259,1.192426,0.797516
1980-11-01,1.660351,0.283607,0.0,1.1596,1.056968,1.078501,0.430108,0.81103
1980-12-01,0.663467,0.215752,-0.3,0.3553,0.930239,1.184848,0.641713,0.647076
1981-01-01,-0.643089,0.098914,0.3,-0.7094,0.921666,0.587201,1.481509,0.955515
1981-02-01,-0.427034,0.079061,-0.1,-0.5375,0.913248,0.583773,0.940937,1.006838
1981-03-01,0.507525,0.115185,0.0,0.209,0.679504,0.580385,0.932166,0.695207
1981-04-01,-0.440649,0.080003,-0.2,-0.5526,0.562748,0.692044,1.02565,0.435345
1981-05-01,0.571528,0.01424,0.3,0.2547,0.671143,0.915338,0.305655,0.447716
1981-06-01,0.508193,0.21227,0.0,0.2027,0.887908,0.907036,0.203252,0.398397
1981-07-01,0.653374,0.121251,-0.3,0.3213,1.098912,1.345312,0.50633,0.601694
1981-08-01,-0.124722,-0.039309,0.2,-0.3014,0.762116,0.997238,0.0,0.623815
1981-09-01,-0.482757,-0.096153,0.2,-0.583,0.971405,1.205494,-0.202225,0.603682
1981-10-01,-0.791714,-0.106094,0.3,-0.8186,0.321716,0.326265,0.101163,0.452117
1981-11-01,-1.169108,-0.228977,0.4,-1.0988,0.427351,0.43337,-0.101163,0.535254
1981-12-01,-1.069043,-0.303187,0.2,-1.0,0.319319,0.539085,0.0,0.307855
1982-01-01,-2.086193,-0.363717,0.1,-1.7463,0.318303,0.322061,0.906807,0.592361
1982-02-01,2.015826,-0.002208,0.3,1.3689,0.317293,0.534475,0.100251,0.300554
1982-03-01,-0.66663,-0.142544,0.1,-0.656,0.0,0.106553,-0.200602,0.256576
1982-04-01,-0.927524,-0.314535,0.3,-0.8354,0.316289,0.848361,0.0,0.049876
1982-05-01,-0.667942,-0.04771,0.1,-0.6243,0.942909,0.736458,0.200602,0.592079
1982-06-01,-0.260656,-0.268931,0.2,-0.3091,1.1405,0.731074,0.2002,0.7229
1982-07-01,-0.329203,-0.383531,0.2,-0.3469,0.51414,0.622409,0.399202,0.591038
1982-08-01,-0.91708,-0.176651,0.0,-0.7629,0.204918,0.412797,-0.099651,0.308625
1982-09-01,-0.246873,-0.201629,0.3,-0.2589,0.0,0.102934,-0.299551,0.276729
1982-10-01,-0.972758,-0.309956,0.3,-0.7703,0.408581,0.308167,0.1998,0.559966
1982-11-01,-0.32538,-0.13619,0.4,-0.2898,-0.101989,-0.205339,0.099751,0.300732
1982-12-01,-0.709957,-0.016896,0.0,-0.5525,-0.306592,-0.102828,0.199203,0.151122
1983-01-01,1.84638,0.246398,-0.4,1.2843,0.204499,0.410678,-0.298954,0.465071
1983-02-01,-0.629494,-0.082065,0.0,-0.4851,0.102093,0.408999,0.298954,0.169768
1983-03-01,0.840465,0.194374,-0.1,0.5797,0.101989,0.203874,-0.099552,0.128223
1983-04-01,1.258006,0.307082,-0.1,0.8937,0.711024,0.406505,0.0,0.455058
1983-05-01,0.601512,0.312835,-0.1,0.4207,0.404041,0.303798,0.397615,0.282825
1983-06-01,0.610741,0.419671,0.0,0.4293,0.20141,0.302878,0.198216,0.37228
1983-07-01,1.478341,0.46105,-0.7,1.0783,0.401607,0.603017,0.296589,0.563309
1983-08-01,1.175899,-0.34115,0.1,0.8572,0.30015,0.30015,0.492369,0.426258
1983-09-01,1.443999,1.232814,-0.3,1.065,0.299252,0.398804,0.196271,0.3503
1983-10-01,0.761678,0.298741,-0.4,0.5383,0.397615,0.496279,0.195886,0.169402
1983-11-01,0.44501,0.387143,-0.3,0.2832,0.297177,0.493828,-0.097895,0.141654
1983-12-01,0.500874,0.38565,-0.2,0.3163,0.296297,0.295131,0.195695,0.054916
1984-01-01,1.97633,0.479171,-0.3,1.4727,0.687963,0.685269,0.584797,0.434041
1984-02-01,0.43841,0.520907,-0.2,0.2479,0.488521,0.292255,0.291121,0.670525
1984-03-01,0.488382,0.291555,0.0,0.2758,0.291971,0.38835,0.676005,0.327339
1984-04-01,0.589939,0.387777,-0.1,0.3458,0.387973,0.483326,0.0962,0.380201
1984-05-01,0.541289,0.325723,-0.3,0.2955,0.193424,0.384986,0.096108,0.126413
1984-06-01,0.366101,0.40408,-0.2,0.1419,0.19305,0.38351,-0.096108,0.177951
1984-07-01,0.276632,0.327578,0.3,0.0593,0.384986,0.477328,0.192123,0.357014
1984-08-01,0.102968,0.256031,0.0,-0.09,0.28777,0.380229,-0.384616,0.306468
1984-09-01,-0.296548,0.327773,-0.2,-0.4208,0.286944,0.378788,-0.386101,0.135451
1984-10-01,-0.011021,0.298472,0.1,-0.1968,0.381316,0.377359,0.0,0.235576
1984-11-01,0.336315,0.368455,-0.2,0.0758,0.190114,0.188147,0.289715,0.14108
1984-12-01,0.032215,0.130148,0.1,-0.1732,0.189753,0.375235,-0.19305,0.281564
1985-01-01,-0.017204,0.275355,0.0,-0.2165,0.189394,0.280505,-0.096665,0.497933
1985-02-01,0.274735,0.135839,-0.1,0.014,0.566039,0.558661,-0.096759,0.463184
1985-03-01,0.151029,0.350669,0.0,-0.0858,0.469264,0.370714,-0.193799,0.39072
1985-04-01,-0.217861,0.202187,0.1,-0.3782,0.187091,0.277136,0.193799,0.144622
1985-05-01,0.145293,0.281966,-0.1,-0.0854,0.186741,0.368325,0.193424,0.236568
1985-06-01,-0.048529,0.150947,0.2,-0.235,0.27946,0.275356,-0.193424,0.271962
1985-07-01,-0.474308,0.19374,0.0,-0.5625,0.185874,0.2746,-0.096852,0.24533
1985-08-01,0.303721,0.196432,-0.3,0.0607,0.185529,0.364964,-0.485674,0.330145
1985-09-01,0.337786,0.209307,0.0,0.0985,0.185185,0.181984,-0.585939,0.168629
1985-10-01,-0.311467,0.191565,0.0,-0.4008,0.369345,0.453516,0.780492,0.166366
1985-11-01,0.351174,0.213549,-0.1,0.1331,0.459771,0.541518,0.484732,0.290477
1985-12-01,0.958381,0.168483,0.0,0.6266,0.457667,0.269663,0.193237,0.334877
1986-01-01,0.552033,0.124657,-0.3,0.3202,0.364631,0.447829,-0.386848,0.459121
1986-02-01,-0.704382,0.116409,0.5,-0.6629,-0.182149,0.267738,-1.464155,0.0
1986-03-01,-0.714837,0.087976,0.0,-0.6548,-0.548447,0.267023,-1.386161,-0.219487
1986-04-01,0.143268,0.188836,-0.1,0.0278,-0.36731,0.354925,-0.700353,-0.204242
1986-05-01,0.147598,0.128044,0.1,0.0366,0.275609,0.176991,0.400802,0.182659
1986-06-01,-0.403734,-0.093749,0.0,-0.3918,0.366301,0.264901,-0.10005,0.372141
1986-07-01,0.651239,0.320197,-0.2,0.4332,0.091366,0.352113,-0.501757,0.025412
1986-08-01,-0.185662,0.115542,-0.1,-0.2241,0.091283,0.350878,-0.100654,0.12501
1986-09-01,0.254947,0.346829,0.1,0.1149,0.364299,0.349651,0.100654,0.327409
1986-10-01,0.425334,0.186949,0.0,0.2399,0.181653,0.348432,0.301356,0.178842
1986-11-01,0.399861,0.1866,-0.1,0.2104,0.181324,0.26053,0.100251,0.178523
1986-12-01,0.943954,0.200182,-0.3,0.6312,0.361664,0.259853,-0.100251,0.137556
1987-01-01,-0.349373,0.168003,0.0,-0.401,0.540055,0.259179,0.799205,0.469362
1987-02-01,1.309491,0.239091,0.0,0.9018,0.358423,0.258509,0.496279,0.350101
1987-03-01,0.144719,0.242475,0.0,-0.033,0.357143,0.343643,0.197824,0.264647
1987-04-01,0.631111,0.330598,-0.3,0.3491,0.444643,0.598548,0.689318,0.372767
1987-05-01,0.630277,0.225364,0.0,0.3448,0.26584,0.340426,0.684599,0.253452
1987-06-01,0.516603,0.168936,-0.1,0.2522,0.441502,0.169779,0.389106,0.378029
1987-07-01,0.679707,0.339951,-0.1,0.3883,0.263968,0.338696,0.484262,0.231052
1987-08-01,0.747808,0.169055,-0.1,0.453,0.438405,0.337553,0.289436,0.394582
1987-09-01,0.393177,0.221391,-0.1,0.1756,0.349345,0.420345,-0.096386,0.33671
1987-10-01,1.32335,0.477198,0.1,0.9551,0.26121,0.502093,0.384986,0.316862
1987-11-01,0.486595,0.226624,-0.2,0.2844,0.347223,0.250104,0.096015,0.188889
1987-12-01,0.559255,0.279183,-0.1,0.3624,0.17316,0.24948,0.0,0.184803
1988-01-01,-0.019701,0.088711,0.0,-0.1027,0.345423,0.414422,0.383142,0.387165
1988-02-01,0.499927,0.44334,0.0,0.348,0.172265,0.247832,0.191022,0.148511
1988-03-01,0.246482,0.263533,0.0,0.1516,0.257843,0.411693,0.095374,0.34259
1988-04-01,0.578438,0.23229,-0.3,0.4437,0.59906,0.491804,0.8543,0.485022
1988-05-01,-0.201827,0.219367,0.2,-0.2039,0.255646,0.326531,0.659447,0.290255
1988-06-01,0.289693,0.346192,-0.2,0.2136,0.424629,0.40667,0.655126,0.424676
1988-07-01,0.014691,0.212447,0.0,-0.0169,0.422834,0.324149,0.650862,0.484704
1988-08-01,0.500168,0.117411,0.2,0.3886,0.421053,0.323102,0.092635,0.295861
1988-09-01,-0.312963,0.320284,-0.2,-0.3055,0.419288,0.562929,0.09255,0.486355
1988-10-01,0.430154,0.247776,0.0,0.311,0.334169,0.400161,0.092464,0.325924
1988-11-01,0.241576,0.320349,-0.1,0.1387,0.333056,0.31898,0.092379,0.231642
1988-12-01,0.451931,0.263214,0.0,0.3037,0.331951,0.317965,0.644273,0.311599
1989-01-01,0.294535,0.245727,0.1,0.1553,0.413395,0.39604,1.366764,0.511848
1989-02-01,-0.4435,0.247917,-0.2,-0.4877,0.32949,0.315707,0.271125,0.332099
1989-03-01,0.249761,0.180425,-0.2,0.0846,0.492208,0.393237,0.629782,0.371636
1989-04-01,-0.014968,0.157837,0.2,-0.1548,0.733799,0.31348,0.714927,0.663729
1989-05-01,-0.57013,0.113118,0.0,-0.6368,0.486225,0.390473,0.79823,0.364318
1989-06-01,-0.007609,0.105585,0.1,-0.1754,0.322841,0.388954,-0.265369,0.218304
1989-07-01,-0.969396,0.038872,-0.1,-0.9858,0.321802,0.310078,-0.088613,0.238716
1989-08-01,0.975062,0.047181,0.0,0.6249,0.0,0.231929,-0.711747,0.012182
1989-09-01,-0.313897,0.230035,0.1,-0.4536,0.240674,0.308404,0.356507,0.222493
1989-10-01,-0.134876,0.098688,0.0,-0.3076,0.479617,0.537429,0.35524,0.389905
1989-11-01,0.337335,0.254111,0.1,0.0809,0.397931,0.382117,-0.088692,0.217684
1989-12-01,0.546923,0.07721,0.0,0.2553,0.317209,0.380663,0.26584,0.289511
1990-01-01,-0.507063,0.330227,0.0,-0.6152,0.945634,0.379219,1.667437,0.754294
1990-02-01,0.904064,0.219547,-0.1,0.5553,0.39139,0.453173,-0.436111,0.439659
1990-03-01,0.49692,0.186237,-0.1,0.2249,0.467655,0.601054,-0.174978,0.37677
1990-04-01,-0.262325,0.031006,0.2,-0.398,0.23301,0.373832,-0.087604,0.209832
1990-05-01,0.30369,0.140318,0.0,0.0797,0.155039,0.298063,0.437255,0.224573
1990-06-01,0.338584,0.020029,-0.2,0.118,0.617763,0.519482,-0.262123,0.440922
1990-07-01,-0.174887,-0.031867,0.3,-0.296,0.46083,0.516797,0.174825,0.246539
1990-08-01,0.348675,-0.189589,0.2,0.1491,0.839379,0.587373,1.731645,0.662801
1990-09-01,0.007625,-0.07758,0.2,-0.1216,0.681563,0.365364,1.617745,0.61214
1990-10-01,-0.585965,-0.132481,0.0,-0.599,0.676949,0.364034,2.006756,0.570601
1990-11-01,-1.279714,-0.141812,0.3,-1.1475,0.224635,0.290276,-0.581156,0.126542
1990-12-01,-0.73666,-0.049453,0.1,-0.6864,0.373274,0.43384,-1.172543,0.093571
1991-01-01,-0.326119,-0.100813,0.1,-0.3442,0.371886,0.647251,0.252419,0.379948
1991-02-01,-0.741594,-0.296612,0.2,-0.665,0.074212,0.500537,-1.524162,0.05066
1991-03-01,-0.577104,-0.153702,0.2,-0.5243,0.0,0.213751,-0.856903,0.021237
1991-04-01,0.263514,-0.200998,-0.1,0.1433,0.222305,0.284293,-0.172265,0.181146
1991-05-01,0.937015,-0.089565,0.2,0.6784,0.369413,0.283487,0.430108,0.413284
1991-06-01,0.807041,0.071104,0.0,0.5778,0.294551,0.353232,-0.085874,0.168727
1991-07-01,0.279669,-0.036931,-0.1,0.1534,0.146951,0.351989,-0.258065,0.157114
1991-08-01,-0.001134,0.009234,0.1,-0.0793,0.293255,0.420758,0.086096,0.232788
1991-09-01,0.790166,0.032312,0.0,0.5486,0.292398,0.349284,-0.086096,0.343341
1991-10-01,-0.05466,0.023997,0.1,-0.1427,0.145879,0.208986,0.258065,0.186489
1991-11-01,-0.158362,-0.056309,0.0,-0.2371,0.436364,0.347343,0.0,0.219803
1991-12-01,-0.487438,0.027697,0.3,-0.5104,0.289855,0.346141,-0.430478,0.2497
1992-01-01,-0.525126,0.032303,0.0,-0.5671,0.072333,0.276053,-0.259179,0.135793
1992-02-01,0.703489,-0.048921,0.1,0.4051,0.216685,0.206541,0.345423,0.253518
1992-03-01,0.848952,0.050766,0.0,0.5135,0.360101,0.343289,0.08617,0.241757
1992-04-01,0.756147,0.137401,0.0,0.4338,0.21544,0.273785,0.172117,0.269696
1992-05-01,0.328569,0.119726,0.2,0.0838,0.214977,0.341181,0.770882,0.132993
1992-06-01,0.051172,0.05521,0.2,-0.1436,0.285919,0.204151,0.680275,0.17705
1992-07-01,0.916494,0.08,-0.1,0.5567,0.285104,0.339328,-0.084782,0.329552
1992-08-01,-0.560755,0.112995,-0.1,-0.6338,0.213295,0.203046,-0.169779,0.133718
1992-09-01,0.329312,0.03213,0.0,0.0922,0.212842,0.135135,0.254561,0.163365
1992-10-01,0.672889,0.172406,-0.3,0.3783,0.424329,0.47154,0.08471,0.352524
1992-11-01,0.378504,0.131855,0.1,0.1498,0.281889,0.268457,-0.254345,0.196872
1992-12-01,0.16875,0.200197,0.0,-0.0087,0.140647,0.267738,-0.169924,0.174673
1993-01-01,0.383254,0.262664,-0.1,0.1715,0.350754,0.333667,0.339559,0.242787
1993-02-01,0.480439,0.23381,-0.2,0.262,0.209864,0.332558,0.33841,0.150667
1993-03-01,-0.087391,-0.039082,-0.1,-0.1929,0.139665,0.132714,0.253058,0.204667
1993-04-01,0.273941,0.26872,0.1,0.109,0.348311,0.397089,0.504203,0.26606
1993-05-01,-0.379158,0.245392,0.0,-0.4194,0.277778,0.263852,0.334728,0.308485
1993-06-01,0.225265,0.154532,-0.1,0.0717,0.069324,0.197433,-0.167224,0.033875
1993-07-01,0.269312,0.28134,-0.1,0.1052,0.138504,0.131406,-0.251362,0.159983
1993-08-01,-0.120647,0.131381,-0.1,-0.2178,0.207397,0.327762,-0.420345,0.170469
1993-09-01,0.529149,0.222773,-0.1,0.3006,0.138026,0.065424,0.0,0.104288
1993-10-01,0.730365,0.256293,0.1,0.4544,0.412939,0.326478,0.336417,0.313741
1993-11-01,0.455901,0.226175,-0.2,0.2186,0.274349,0.325415,-0.083998,0.189299
1993-12-01,0.590527,0.301366,-0.1,0.3171,0.205269,0.259572,-0.336701,0.022875
1994-01-01,0.287368,0.245414,0.1,0.0554,0.0,0.129534,0.420699,0.03354
1994-02-01,0.058273,0.160616,0.0,-0.1466,0.273038,0.193986,0.167785,0.231425
1994-03-01,1.014989,0.409686,-0.1,0.6273,0.272294,0.322477,0.334728,0.274882
1994-04-01,0.589614,0.303306,-0.1,0.2648,0.067958,0.1287,0.0,0.118225
1994-05-01,0.45905,0.292733,-0.3,0.1435,0.203597,0.256904,0.166945,0.145316
1994-06-01,0.672845,0.277874,0.0,0.31,0.270819,0.320205,0.499169,0.243234
1994-07-01,0.132951,0.322486,0.0,-0.1487,0.337496,0.191632,0.165838,0.314871
1994-08-01,0.668186,0.256198,-0.1,0.2928,0.403498,0.25494,0.413395,0.229877
1994-09-01,0.314055,0.298938,-0.1,-0.008,0.20114,0.254291,-0.165153,0.110993
1994-10-01,0.801293,0.182919,-0.1,0.3962,0.066957,0.190295,-0.082679,0.169252
1994-11-01,0.681262,0.354482,-0.2,0.2924,0.26738,0.253165,0.495051,0.18988
1994-12-01,1.016643,0.264609,-0.1,0.5752,0.200067,0.063191,0.328677,0.064208
1995-01-01,0.170054,0.284512,0.1,-0.142,0.266135,0.441224,0.816998,0.202807
1995-02-01,-0.112869,0.162093,-0.2,-0.3838,0.265428,0.251256,0.487014,0.177119
1995-03-01,0.16603,0.183218,0.0,-0.1511,0.19861,0.313185,0.323363,0.184228
1995-04-01,-0.172773,0.135058,0.4,-0.4375,0.39604,0.312208,0.563382,0.262384
1995-05-01,0.489891,-0.017086,-0.2,0.1128,0.197433,0.186858,0.240481,0.153848
1995-06-01,0.330885,0.209101,0.0,-0.0292,0.197044,0.248602,0.319744,0.097512
1995-07-01,-0.418989,0.077555,0.1,-0.664,0.131148,0.186047,0.0,0.125444
1995-08-01,1.316932,0.224654,0.0,0.778,0.196399,0.247525,-0.159744,0.215101
1995-09-01,0.402518,0.192766,-0.1,0.0023,0.130719,0.246914,0.079904,0.069147
1995-10-01,-0.175911,0.129717,-0.1,-0.4947,0.260926,0.307787,0.07984,0.258508
1995-11-01,0.263201,0.117701,0.1,-0.1371,0.130208,0.184219,0.079777,-0.002934
1995-12-01,0.346482,0.135312,0.0,-0.0775,0.130039,0.061331,0.238949,0.191985
1996-01-01,-0.574008,-0.006761,0.0,-0.8496,0.518472,0.367197,0.476191,0.2223
1996-02-01,1.452916,0.355192,-0.1,0.8293,0.193736,0.183094,-0.079208,0.15765
1996-03-01,-0.122504,0.213688,0.0,-0.4857,0.322061,0.243605,0.158353,0.30147
1996-04-01,0.990122,0.139408,0.1,0.4347,0.38511,0.121581,0.788026,0.299114
1996-05-01,0.744558,0.284092,0.0,0.2295,0.192,0.242719,0.547947,0.172383
1996-06-01,0.759338,0.228197,-0.3,0.2429,0.191632,0.242131,-0.078094,-0.001447
1996-07-01,0.015375,0.207683,0.2,-0.3747,0.191266,0.181214,0.0,0.211093
1996-08-01,0.510524,0.149032,-0.4,0.0397,0.127307,0.180886,0.234101,0.095279
1996-09-01,0.623963,0.167915,0.1,0.1325,0.317561,0.300752,-0.077973,0.282417
1996-10-01,0.029609,0.219858,0.0,-0.3667,0.316556,0.180018,-0.156128,0.301707
1996-11-01,0.914479,0.233432,0.2,0.3649,0.315557,0.239521,0.156128,0.177724
1996-12-01,0.638665,0.161923,0.0,0.1311,0.251731,0.119546,0.699575,0.115924
1997-01-01,0.158387,0.175671,-0.1,-0.2671,0.188383,0.238664,0.463679,0.130075
1997-02-01,1.186782,0.260874,-0.1,0.5822,0.188029,0.178625,-0.929519,0.208339
1997-03-01,0.632608,0.261015,0.0,0.1116,0.062598,0.178306,-0.93824,0.105431
1997-04-01,0.117151,0.243982,-0.1,-0.3284,0.062559,0.296472,-0.235942,0.098207
1997-05-01,0.552436,0.221361,-0.2,0.0228,0.0,0.177462,0.314466,-0.045533
1997-06-01,0.458544,0.208659,0.1,-0.0742,0.187441,0.118134,-0.157109,0.12801
1997-07-01,0.850594,0.242346,-0.1,0.2378,0.124766,0.176939,-0.236128,0.059682
1997-08-01,0.995495,-0.021933,-0.1,0.3398,0.249066,0.05891,0.236128,0.079521
1997-09-01,0.911758,0.395684,0.1,0.2515,0.248447,0.235294,0.235571,0.241015
1997-10-01,0.882785,0.282022,-0.2,0.21,0.185931,0.234742,0.235018,0.13019
1997-11-01,0.784429,0.242596,-0.1,0.1125,0.123762,0.117165,0.078217,0.005657
1997-12-01,0.424944,0.260478,0.1,-0.1998,0.061824,0.233918,-0.863767,-0.021214
1998-01-01,0.437378,0.206132,-0.1,-0.1936,0.123533,0.233372,-1.110241,0.049492
1998-02-01,0.161749,0.16892,0.0,-0.4244,0.0,0.174673,-0.319489,-0.052321
1998-03-01,0.035159,0.118314,0.1,-0.5252,0.0,0.174368,-0.240288,0.015558
1998-04-01,0.342538,0.223455,-0.4,-0.2565,0.123381,0.174064,0.160256,0.124375
1998-05-01,0.656971,0.318358,0.1,0.0213,0.246306,0.231616,0.16,0.136916
1998-06-01,-0.601666,0.183391,0.1,-0.9985,0.122926,0.17336,-0.240096,-0.084668
1998-07-01,-0.385299,0.107813,0.0,-0.7755,0.245399,0.17306,0.080096,0.246748
1998-08-01,2.04919,0.264285,0.0,1.2473,0.122474,0.28777,-0.562025,0.137914
1998-09-01,-0.053233,0.156343,0.1,-0.4616,0.061181,0.114877,-0.322581,-0.057675
1998-10-01,0.6813,0.161613,-0.1,0.1626,0.24435,0.114745,0.161421,0.219271
1998-11-01,-0.075843,0.214816,-0.1,-0.4476,0.121951,0.229095,-0.323102,0.004212
1998-12-01,0.452015,0.292759,0.0,0.0012,0.182648,0.342662,-0.649353,0.101036
1999-01-01,0.431125,0.081475,-0.1,-0.0024,0.182315,0.11396,0.0814,0.140158
1999-02-01,0.606308,0.326798,0.1,0.1525,0.0,0.0,-0.489397,-0.05604
1999-03-01,0.226605,0.091281,-0.2,-0.1464,0.060698,0.056931,0.244998,0.075646
1999-04-01,0.229599,0.281121,0.1,-0.1299,0.665258,0.340909,0.812352,0.481949
1999-05-01,0.630265,0.169381,-0.1,0.2087,0.060259,0.113379,0.886031,0.065477
1999-06-01,-0.078468,0.210161,0.1,-0.3647,0.0,0.056641,0.400161,0.030634
1999-07-01,0.57695,0.261503,0.0,0.1812,0.4208,0.282726,0.398566,0.265567
1999-08-01,0.400724,0.115833,-0.1,0.0381,0.239665,0.112867,0.950126,0.181736
1999-09-01,-0.404526,0.153465,0.0,-0.6144,0.418036,0.281611,0.863089,0.358341
1999-10-01,1.214888,0.313139,-0.1,0.7129,0.178625,0.168587,-0.23465,0.16835
1999-11-01,0.483568,0.220991,0.0,0.1209,0.178306,0.168303,0.468751,0.089579
1999-12-01,0.768353,0.24268,-0.1,0.3612,0.237248,0.16802,-0.390473,0.232531
2000-01-01,-0.136899,0.174183,0.0,-0.3802,0.295771,0.335196,0.390473,0.271747
2000-02-01,0.311843,0.083165,0.1,-0.0071,0.412615,0.055757,1.162353,0.314741
2000-03-01,0.354941,0.368448,-0.1,0.0304,0.586512,0.33389,0.767463,0.428097
2000-04-01,0.593458,0.212533,-0.2,0.2293,-0.058497,0.166528,-0.076482,-0.083022
2000-05-01,0.270403,0.167431,0.2,-0.0349,0.175387,0.221607,0.68624,0.083022
2000-06-01,0.039046,-0.031798,0.0,-0.2238,0.582413,0.221117,1.657913,0.33818
2000-07-01,-0.195273,0.124862,0.0,-0.4126,0.289939,0.220629,-0.074766,0.25052
2000-08-01,-0.272663,0.004538,0.1,-0.4746,0.0,0.220143,-0.600152,-0.006763
2000-09-01,0.460408,0.077862,-0.2,0.1204,0.519782,0.21966,1.345312,0.429191
2000-10-01,-0.389338,0.011334,0.0,-0.5727,0.172662,0.164429,0.518328,0.135931
2000-11-01,0.02796,0.154016,0.0,-0.2371,0.172364,0.273448,-0.295858,0.139776
2000-12-01,-0.326837,0.120631,0.0,-0.5228,0.229358,0.10917,0.884962,0.152991
2001-01-01,-0.477087,-0.009796,0.3,-0.6403,0.571104,0.326798,2.751803,0.482934
2001-02-01,-0.653477,0.064032,0.0,-0.7728,0.227531,0.271518,-1.874604,0.154687
2001-03-01,-0.205241,-0.027868,0.1,-0.4132,0.056802,0.162558,-1.097706,0.009327
2001-04-01,-0.359638,-0.220958,0.1,-0.5266,0.170213,0.216333,0.367242,0.175717
2001-05-01,-0.478734,-0.037755,-0.1,-0.6078,0.508907,0.107991,0.292826,0.262997
2001-06-01,-0.529424,-0.081599,0.2,-0.6321,0.225352,0.377054,-0.954836,0.176272
2001-07-01,-0.64248,-0.096797,0.1,-0.7001,-0.168967,0.214823,-1.561951,-0.03311
2001-08-01,-0.114844,-0.11431,0.3,-0.2868,0.0,0.160815,0.0,-0.011922
2001-09-01,-0.507788,-0.195615,0.1,-0.5701,0.393812,0.214018,-0.074991,-0.34105
2001-10-01,-0.274522,-0.236309,0.3,-0.3806,-0.281136,0.160214,-2.276274,0.351648
2001-11-01,-0.606546,-0.234581,0.2,-0.6113,-0.056322,0.372837,-0.384468,-0.06758
2001-12-01,-0.042751,-0.122841,0.2,-0.1766,-0.056354,0.159363,-1.31836,-0.103446
2002-01-01,0.663306,-0.094714,0.0,0.3609,0.168967,0.159109,0.31177,0.090189
2002-02-01,0.011522,-0.093274,0.0,-0.1029,0.168682,0.211752,-0.077851,0.168224
2002-03-01,0.721233,-0.011474,0.0,0.4426,0.280505,0.052868,1.084441,0.270947
2002-04-01,0.4871,-0.081121,0.2,0.2894,0.447178,0.263922,0.767463,0.417537
2002-05-01,0.400963,0.012249,-0.1,0.2442,0.111483,0.15802,0.0,0.065699
2002-06-01,0.821502,0.032146,0.0,0.5796,0.055695,0.105208,0.076423,0.124709
2002-07-01,-0.032197,-0.068897,0.0,-0.0462,0.22247,0.157604,0.22892,0.220158
2002-08-01,-0.111115,-0.002297,-0.1,-0.0911,0.277393,0.314466,0.228398,0.196161
2002-09-01,0.084865,-0.060517,0.0,0.0678,0.166067,0.104603,0.606522,0.180128
2002-10-01,-0.208484,0.088082,0.0,-0.1442,0.220995,0.104493,0.677969,0.182408
2002-11-01,0.558658,-0.000766,0.2,0.4448,0.165426,0.208659,-0.075103,0.098882
2002-12-01,-0.557663,-0.115673,0.1,-0.3928,0.165153,0.104167,-0.150376,0.096186
2003-01-01,0.848541,0.082747,-0.2,0.6756,0.439079,0.156047,1.789757,0.298368
2003-02-01,0.118742,-0.101144,0.1,0.1179,0.546151,0.051962,1.685639,0.420095
2003-03-01,-0.263197,-0.158051,0.0,-0.1736,0.163265,0.0,2.58264,0.256359
2003-04-01,-0.597472,-0.047618,0.1,-0.4244,-0.381368,0.0,-3.165732,-0.169974
2003-05-01,-0.027278,0.018435,0.1,0.0071,-0.16389,0.207577,-0.073126,-0.114767
2003-06-01,0.127711,-0.008449,0.2,0.1212,0.10929,0.051827,0.946494,0.108323
2003-07-01,0.512514,-0.001536,-0.1,0.4058,0.327154,0.207039,-0.217628,0.293429
2003-08-01,-0.218416,-0.023815,-0.1,-0.1537,0.434547,0.103359,0.217628,0.337407
2003-09-01,0.642675,0.076035,0.0,0.4998,0.324676,0.05164,0.361664,0.312017
2003-10-01,0.123086,0.143465,-0.1,0.1054,-0.108108,0.154759,0.575956,0.012767
2003-11-01,0.668259,0.031427,-0.2,0.5251,0.054069,0.0,-0.287563,0.126304
2003-12-01,0.029595,0.083503,-0.1,0.0354,0.269906,0.10304,0.431035,0.22033
2004-01-01,0.152063,0.1278,0.0,0.1317,0.43034,0.205761,1.352815,0.385998
2004-02-01,0.601431,0.049699,-0.1,0.4833,0.214477,0.154044,0.493828,0.212677
2004-03-01,-0.400876,0.243548,0.2,-0.2918,0.214018,0.307377,0.701265,0.154161
2004-04-01,0.37075,0.207197,-0.2,0.3086,0.160214,0.204395,1.180979,0.185436
2004-05-01,0.719775,0.21664,0.0,0.5816,0.425986,0.153022,1.371764,0.324631
2004-06-01,-0.783284,0.073627,0.0,-0.5954,0.371255,0.203666,0.272109,0.284756
2004-07-01,0.744388,0.045515,-0.1,0.5925,0.10582,0.101678,0.135777,0.092653
2004-08-01,0.067097,0.064444,-0.1,0.0573,0.052868,0.0508,0.406229,0.051298
2004-09-01,0.127018,0.113624,0.0,0.0942,0.316623,0.30426,-0.202908,0.197438
2004-10-01,0.849531,0.257071,0.1,0.6526,0.525487,0.202327,1.54521,0.428522
2004-11-01,0.248036,0.055863,-0.1,0.1661,0.470589,0.201918,0.929005,0.384602
2004-12-01,0.793624,0.095801,0.0,0.5883,0.0,0.151172,-0.79576,0.053231
2005-01-01,0.359008,0.113786,-0.1,0.2315,-0.052178,0.201207,0.464963,0.131101
2005-02-01,0.723285,0.190358,0.1,0.509,0.416667,0.200803,0.462811,0.277711
2005-03-01,-0.135218,0.090162,-0.2,-0.1946,0.363165,0.350438,1.375718,0.299064
2005-04-01,0.21502,0.274493,0.0,0.0783,0.310238,0.049963,0.842247,0.279793
2005-05-01,0.089972,0.126493,-0.1,-0.0327,-0.05164,0.149738,-0.452636,0.056355
2005-06-01,0.448753,0.193546,-0.1,0.2473,0.05164,0.049863,0.0,0.062443
2005-07-01,-0.317147,0.262444,0.0,-0.3765,0.617604,0.14944,1.287848,0.422606
2005-08-01,0.325379,0.150297,-0.1,0.137,0.613813,0.099502,0.828294,0.402621
2005-09-01,-1.956383,0.037167,0.1,-1.6853,1.367456,0.099404,2.876996,0.960448
2005-10-01,1.206433,0.066124,0.0,0.8288,0.150792,0.347136,2.436174,0.159782
2005-11-01,1.117752,0.264058,0.0,0.7653,-0.503526,0.247219,-1.51564,-0.209089
2005-12-01,0.515169,0.119931,-0.1,0.2849,0.0,0.148039,-0.428528,0.0
2006-01-01,0.15766,0.198089,-0.2,-0.0031,0.603927,0.197044,0.794382,0.483606
2006-02-01,0.04215,0.225697,0.1,-0.0967,0.050163,0.196657,-1.533302,0.059838
2006-03-01,0.225211,0.224454,-0.1,0.0498,0.150338,0.343222,0.246914,0.193629
2006-04-01,0.303208,0.126355,0.0,0.1104,0.499502,0.244439,1.286388,0.463424
2006-05-01,0.025411,0.028628,-0.1,-0.1192,0.298508,0.29254,0.908822,0.268256
2006-06-01,0.316141,0.064567,0.0,0.108,0.248078,0.243132,0.180777,0.246256
2006-07-01,-0.051275,0.140728,0.1,-0.1958,0.543614,0.194081,0.420547,0.34115
2006-08-01,0.437914,0.119317,0.0,0.1897,0.442587,0.242072,0.657307,0.314149
2006-09-01,-0.166296,0.097983,-0.2,-0.3048,-0.491885,0.193237,-1.500178,-0.262311
2006-10-01,-0.114748,0.012424,-0.1,-0.2688,-0.444775,0.192864,-1.953664,-0.235844
2006-11-01,-0.042043,0.15845,0.1,-0.2141,0.049517,0.096293,1.468815,0.034232
2006-12-01,1.014175,0.137801,-0.1,0.6322,0.543077,0.144265,0.605695,0.354612
2007-01-01,-0.338887,0.162347,0.2,-0.4533,0.165791,0.239981,-0.970881,0.333435
2007-02-01,0.937847,0.063993,-0.1,0.5766,0.387085,0.256143,1.692906,0.310129
2007-03-01,0.177862,0.162706,-0.1,-0.0286,0.518665,0.135228,1.48768,0.365068
2007-04-01,0.670032,0.045713,0.1,0.3805,0.299617,0.156979,1.232772,0.234897
2007-05-01,0.095592,0.105134,-0.1,-0.0693,0.412448,0.148164,1.102419,0.289953
2007-06-01,0.057685,0.056509,0.2,-0.0806,0.231407,0.158877,0.288102,0.211714
2007-07-01,-0.120026,-0.018833,0.1,-0.1983,0.177901,0.180927,0.745203,0.152434
2007-08-01,0.192404,-0.022459,-0.1,0.0827,0.030823,0.164023,-1.553988,0.068058
2007-09-01,0.222013,0.062294,0.1,0.1305,0.42286,0.205833,0.636024,0.384408
2007-10-01,-0.282406,0.055018,0.0,-0.255,0.307849,0.246913,0.689262,0.302801
2007-11-01,0.532071,0.083193,0.0,0.4228,0.782816,0.274523,2.431559,0.528845
2007-12-01,0.034876,0.075899,0.3,0.036,0.289382,0.238594,-0.223714,0.23099
2008-01-01,-0.132437,-0.00289,0.0,-0.0876,0.344178,0.282476,1.334836,0.252001
2008-02-01,-0.392967,-0.044811,-0.1,-0.2947,0.241491,0.078558,0.934843,0.199334
2008-03-01,-0.305049,-0.050617,0.2,-0.2221,0.357164,0.224578,2.806444,0.285848
2008-04-01,-0.647296,-0.158524,-0.1,-0.5005,0.231171,0.065271,1.583982,0.184858
2008-05-01,-0.607621,-0.137011,0.4,-0.4797,0.590005,0.175089,2.942148,0.428141
2008-06-01,-0.233549,-0.109599,0.2,-0.2008,1.042372,0.226787,1.964304,0.72288
2008-07-01,-0.35802,-0.147531,0.2,-0.3246,0.711607,0.250818,2.463179,0.46426
2008-08-01,-1.582442,-0.208221,0.3,-1.3074,-0.148958,0.197984,-3.214121,-0.080924
2008-09-01,-4.50476,-0.329232,0.0,-3.5035,0.085473,0.14777,-1.060884,0.08314
2008-10-01,0.989232,-0.343526,0.4,0.6453,-0.863562,0.034602,-5.480108,-0.6626
2008-11-01,-1.328865,-0.551813,0.3,-1.0849,-1.786409,0.073317,-5.287575,-1.187151
2008-12-01,-2.86042,-0.513338,0.5,-2.175,-0.826761,-0.010141,-3.394056,-0.560302
2009-01-01,-2.525918,-0.571162,0.5,-1.8766,0.252757,0.193888,0.175387,0.01135
2009-02-01,-0.610417,-0.569193,0.5,-0.4978,0.363604,0.204993,-1.116017,0.179165
2009-03-01,-1.57797,-0.619989,0.4,-1.1437,-0.098777,0.211446,-0.711325,-0.109956
2009-04-01,-0.832512,-0.508483,0.3,-0.6127,0.100658,0.207342,0.593122,0.142805
2009-05-01,-1.015091,-0.270426,0.4,-0.7086,0.147041,0.090492,1.000303,0.104142
2009-06-01,-0.377594,-0.348987,0.1,-0.2538,0.826536,0.094974,1.913657,0.592222
2009-07-01,1.122696,-0.264455,0.0,0.7762,-0.029801,0.068891,-0.923261,0.011246
2009-08-01,1.090728,-0.145519,0.1,0.7895,0.334286,0.106209,1.438874,0.289722
2009-09-01,0.877575,-0.173367,0.2,0.6754,0.192903,0.192983,-0.515613,0.161341
2009-10-01,0.269183,-0.14214,0.2,0.2808,0.299743,0.263839,0.629833,0.378799
2009-11-01,0.432873,-0.003076,-0.1,0.4113,0.3343,0.074802,1.247889,0.249513
2009-12-01,0.404986,-0.191638,0.0,0.4071,0.052004,0.097385,0.393812,0.057834
2010-01-01,1.084064,-0.004622,-0.1,0.8991,0.064852,-0.112341,2.11119,0.218798
2010-02-01,0.374594,-0.073986,0.0,0.408,-0.095223,0.044408,-0.496005,-0.002219
2010-03-01,0.683336,0.12328,0.1,0.6352,0.033131,0.023555,1.262712,0.140802
2010-04-01,0.338656,0.195395,0.0,0.3941,0.023001,0.017663,0.598316,0.054272
2010-05-01,1.341853,0.400366,-0.3,1.1241,-0.051991,0.063379,0.216685,0.032106
2010-06-01,0.18475,-0.101091,-0.2,0.2772,-0.041888,0.10494,-0.705949,-0.042073
2010-07-01,0.378985,-0.072818,0.0,0.4091,0.186751,0.076374,0.326442,0.085234
2010-08-01,0.365794,0.0,0.1,0.3874,0.14603,0.065933,0.433605,0.137107
2010-09-01,0.294343,-0.056758,0.0,0.3193,0.161395,0.091151,0.0,0.099396
2010-10-01,-0.283769,0.213825,-0.1,-0.1276,0.34758,0.053659,0.915215,0.318505
2010-11-01,0.086918,0.098711,0.4,0.1331,0.253064,0.143701,0.587766,0.198963
2010-12-01,0.973783,0.061932,-0.5,0.7837,0.400853,0.087291,1.059893,0.225964
2011-01-01,-0.210836,0.00535,-0.2,-0.1227,0.323779,0.206674,1.56907,0.299765
2011-02-01,-0.397875,0.168007,-0.1,-0.2813,0.320932,0.18385,1.595915,0.278173
2011-03-01,1.034899,0.172296,0.0,0.7819,0.516021,0.10791,1.721562,0.401168
2011-04-01,-0.32355,0.238892,0.1,-0.262,0.468312,0.122098,1.938912,0.423337
2011-05-01,0.120535,0.080517,-0.1,0.0557,0.317666,0.200044,0.49116,0.303137
2011-06-01,0.302031,0.172967,0.1,0.1741,0.0,0.232583,-0.098039,-0.020468
2011-07-01,0.491506,0.046226,-0.1,0.3006,0.261661,0.231599,0.342718,0.170079
2011-08-01,0.672844,0.100713,0.0,0.4236,0.31495,0.285537,-0.686614,0.235265
2011-09-01,-0.082742,0.165615,0.0,-0.1675,0.216919,0.113279,0.245761,0.140465
2011-10-01,0.691644,0.157797,-0.2,0.4131,0.067498,0.171445,-1.284603,0.002143
2011-11-01,-0.008659,0.103302,-0.2,-0.134,0.184614,0.173355,0.149068,0.204443
2011-12-01,0.529226,0.149109,-0.1,0.2712,0.023768,0.222758,-0.797611,0.057725
2012-01-01,0.594656,0.269038,-0.2,0.3157,0.272049,0.207344,0.449439,0.341392
2012-02-01,0.32105,0.197185,0.0,0.1021,0.213517,0.068873,0.447428,0.223407
2012-03-01,-0.519117,0.178854,-0.1,-0.5479,0.209128,0.194518,1.281437,0.191095
2012-04-01,0.716776,0.057554,0.0,0.404,0.165941,0.186714,-0.245158,0.131431
2012-05-01,0.230655,0.079923,0.0,0.0312,-0.207032,0.139262,-0.88758,-0.112342
2012-06-01,0.005529,0.06046,0.0,-0.1397,-0.08267,0.173914,-1.045566,-0.050913
2012-07-01,0.209678,0.107395,0.0,0.0223,0.028877,0.151003,0.150038,0.036066
2012-08-01,-0.428827,0.13557,-0.1,-0.4652,0.579272,0.114297,1.290981,0.33564
2012-09-01,-0.073396,0.132413,-0.3,-0.1874,0.475992,0.184859,0.83518,0.303961
2012-10-01,0.346796,0.112933,0.0,0.1381,0.269316,0.158117,-0.441285,0.295685
2012-11-01,0.366094,0.115773,-0.1,0.1573,-0.168076,0.132366,-0.83889,-0.068319
2012-12-01,0.236675,0.184514,0.2,0.0635,-0.012109,0.170606,-0.148773,-0.015773
2013-01-01,0.024511,0.13539,0.1,-0.0933,0.197883,0.217263,0.495051,0.190157
2013-02-01,0.466601,0.213439,-0.3,0.2527,0.541524,0.1463,0.884962,0.355181
2013-03-01,0.402049,0.105444,-0.2,0.2106,-0.281588,0.096699,-0.146951,-0.131867
2013-04-01,-0.086334,0.135512,0.1,-0.1582,-0.209016,0.016322,-0.245399,-0.101635
2013-05-01,0.078067,0.163989,-0.1,-0.0246,0.041407,0.070412,0.294406,0.073355
2013-06-01,0.207278,0.134374,0.0,0.0812,0.237758,0.151819,0.097943,0.221834
2013-07-01,-0.310675,0.082151,-0.2,-0.3111,0.195554,0.226869,0.048936,0.124305
2013-08-01,0.576546,0.186788,-0.1,0.3764,0.238445,0.194782,-0.097895,0.148128
2013-09-01,0.507169,0.127986,0.0,0.3274,0.037687,0.155212,-0.147023,0.043771
2013-10-01,-0.078904,0.160665,0.0,-0.1244,0.053509,0.094118,-0.688979,0.132237
2013-11-01,0.233336,0.201197,-0.3,0.1186,0.184279,0.186272,-0.644045,0.148688
2013-12-01,0.200863,0.040045,-0.2,0.0939,0.264068,0.169809,0.396826,0.174401
2014-01-01,-0.356393,0.137488,-0.1,-0.3387,0.242124,0.085644,0.887142,0.207224
2014-02-01,0.752851,0.109709,0.1,0.5207,0.110017,0.094886,0.927968,0.047601
2014-03-01,0.963861,0.198044,0.0,0.6881,0.203997,0.186121,0.63,0.160227
2014-04-01,0.09672,0.226579,-0.5,0.0077,0.186245,0.188728,0.626056,0.177501
2014-05-01,0.382432,0.155341,0.1,0.2294,0.19012,0.192583,-0.144127,0.164835
2014-06-01,0.342631,0.242283,-0.2,0.1953,0.132026,0.129584,0.144127,0.109054
2014-07-01,0.221879,0.160477,0.1,0.0981,0.112485,0.15041,-0.144127,0.141797
2014-08-01,-0.188984,0.141553,-0.1,-0.2264,-0.016001,0.088124,-0.481929,-0.012322
2014-09-01,0.286932,0.21088,-0.2,0.1549,0.007159,0.159685,-0.290276,0.034909
2014-10-01,0.011934,0.168241,-0.2,-0.0555,-0.019793,0.169464,-1.464155,-0.029775
2014-11-01,0.615315,0.207941,0.1,0.4299,-0.188443,0.111564,-1.236721,-0.095544
2014-12-01,-0.007907,0.196111,-0.2,-0.0543,-0.308938,0.052605,-1.960354,-0.175916
2015-01-01,-0.787923,0.145231,0.1,-0.6616,-0.639069,0.094703,-2.570836,-0.480974
2015-02-01,-0.64059,0.184083,-0.2,-0.5253,0.253144,0.150422,-0.469852,0.176763
2015-03-01,-0.335187,0.068146,-0.1,-0.2746,0.269033,0.242449,0.209096,0.188822
2015-04-01,-0.547075,0.193535,0.0,-0.4317,0.104194,0.245177,-0.313808,0.088613
2015-05-01,-0.442283,0.241924,0.2,-0.3395,0.329232,0.141605,1.301085,0.239686
2015-06-01,-0.315002,0.120743,-0.3,-0.2318,0.27641,0.155452,0.721281,0.194002
2015-07-01,0.646008,0.198802,-0.1,0.515,0.158506,0.206756,-0.463083,0.091225
2015-08-01,-0.184021,0.094328,-0.1,-0.1209,-0.00042,0.103836,-1.036816,0.007172
2015-09-01,-0.279497,0.105485,-0.1,-0.1924,-0.225012,0.205294,-1.469843,-0.138398
2015-10-01,-0.484724,0.213443,0.0,-0.3509,0.098899,0.185594,-0.849713,0.0
2015-11-01,-0.738452,0.160484,0.1,-0.5463,0.11939,0.193849,-0.964638,0.062559
2015-12-01,-0.491612,0.188188,-0.1,-0.3605,-0.107613,0.125208,-1.19178,-0.084105
2016-01-01,0.522653,0.092914,-0.2,0.4034,-0.045855,0.1667,-0.49167,0.041036
2016-02-01,-0.519826,0.136768,0.1,-0.3957,-0.133056,0.226316,-0.714485,-0.052324
2016-03-01,-0.744756,0.178355,0.1,-0.5704,0.312989,0.164014,0.440287,0.233705
2016-04-01,0.337647,0.133558,0.1,0.2382,0.382333,0.259105,0.602247,0.327088
2016-05-01,-0.227037,0.031972,-0.3,-0.1935,0.236131,0.237397,1.139768,0.163144
2016-06-01,0.471259,0.1715,0.1,0.3264,0.277211,0.162935,1.23359,0.175083
2016-07-01,0.11714,0.258429,-0.1,0.0541,-0.050383,0.116681,0.053291,0.017288
2016-08-01,-0.150822,0.097517,0.1,-0.1519,0.184751,0.239395,-0.587766,0.139213
2016-09-01,-0.105569,0.211306,0.1,-0.1175,0.261978,0.168522,0.160643,0.189708
2016-10-01,0.015594,0.067579,-0.1,-0.0227,0.233995,0.120486,-0.107066,0.204522
2016-11-01,-0.418041,0.08131,-0.2,-0.342,0.117825,0.135974,-0.214477,0.033372
2016-12-01,0.681259,0.154857,0.0,0.4926,0.252134,0.175811,1.014695,0.171742
2017-01-01,-0.263219,0.151184,0.0,-0.2085,0.403493,0.218631,1.319629,0.38283
2017-02-01,-0.402282,0.149585,-0.1,-0.2993,0.159139,0.21178,0.470835,0.135653
2017-03-01,0.657724,0.084985,-0.2,0.5093,-0.046731,-0.021516,-0.052206,-0.051225
2017-04-01,1.013594,0.140341,0.0,0.7953,0.123339,0.112711,0.780238,0.190706
2017-05-01,0.118303,0.140145,0.0,0.1288,-0.077428,0.080771,-0.103681,-0.043128
2017-06-01,0.205798,0.138584,-0.1,0.2078,0.065142,0.125602,0.414079,0.084232
2017-07-01,-0.239756,0.128854,0.0,-0.1224,0.03276,0.094892,-0.051666,0.03708
2017-08-01,-0.414717,0.100105,0.1,-0.2467,0.384124,0.218029,0.154919,0.224191
2017-09-01,0.103164,0.060559,-0.1,0.1524,0.50934,0.109628,0.514669,0.372206
2017-10-01,1.224295,0.095867,-0.1,1.0162,0.077475,0.282025,0.051322,0.130393
2017-11-01,0.238963,0.151432,0.0,0.2584,0.266445,0.114321,0.511772,0.143137
2017-12-01,0.195333,0.102409,-0.1,0.2201,0.210467,0.207809,0.203978,0.144916
2018-01-01,-0.001873,0.092824,-0.1,0.06,0.424432,0.337554,0.811775,0.374221
2018-02-01,0.242161,0.266474,0.1,0.237,0.268867,0.198468,0.704937,0.214199
2018-03-01,0.488635,0.152531,-0.1,0.4189,0.019234,0.218758,0.0,0.106435
2018-04-01,1.095858,0.094371,0.0,0.89,0.260102,0.139988,0.500502,0.238084
2018-05-01,-0.904567,0.216717,-0.2,-0.7071,0.22554,0.200477,1.437447,0.171815
2018-06-01,0.773932,0.146455,0.2,0.6034,0.090074,0.098728,0.490919,0.086287
2018-07-01,0.161307,0.040271,-0.2,0.1028,0.078052,0.116483,0.04896,0.105796
2018-08-01,0.644273,0.172312,0.0,0.4734,0.178573,0.074478,-0.441502,0.06949
2018-09-01,0.065055,0.054247,-0.1,-0.0008,0.206016,0.184791,0.09828,0.205253
2018-10-01,-0.110339,0.113087,0.1,-0.1512,0.233685,0.212262,0.489957,0.172672
2018-11-01,0.079306,0.060172,0.0,-0.008,-0.070444,0.201406,-1.130511,0.034109
2018-12-01,0.0245,0.128245,0.1,-0.058,0.068466,0.24023,-0.644684,0.069157
2019-01-01,-0.666522,0.167406,0.1,-0.6118,-0.081531,0.269954,-0.94977,-0.051619
2019-02-01,-0.547909,0.004665,-0.2,-0.5147,0.299676,0.160934,0.050213,0.182983
2019-03-01,0.037528,0.151817,0.0,-0.054,0.377466,0.145767,0.800004,0.226318
2019-04-01,-0.586598,0.196752,-0.1,-0.5439,0.375263,0.164259,0.645324,0.281937
2019-05-01,0.11531,0.017928,-0.1,0.0064,0.02468,0.083935,-0.198118,0.072536
2019-06-01,0.044427,0.145958,0.0,-0.0469,-0.032517,0.198874,-0.69652,0.047362
2019-07-01,-0.48606,0.065612,0.1,-0.4558,0.230522,0.205696,0.199501,0.133265
2019-08-01,0.682572,0.153589,-0.1,0.4562,0.091435,0.226498,-0.750191,0.046311
2019-09-01,-0.338944,0.129572,-0.1,-0.3292,0.153766,0.193464,-0.402415,0.060751
2019-10-01,-0.847836,0.062743,0.1,-0.7106,0.282329,0.219889,0.100756,0.177221
2019-11-01,0.500676,0.136576,0.0,0.3421,0.281147,0.2179,0.201207,0.102914
2019-12-01,-0.232668,0.083701,0.0,-0.2104,0.290799,0.177588,0.0,0.271683
2020-01-01,-0.657514,0.156011,0.0,-0.5226,0.191982,0.261293,0.15064,0.17529
2020-02-01,0.33566,0.172185,-0.1,0.2574,0.047456,0.244905,-1.31315,0.079402
2020-03-01,-3.990543,-0.922207,0.9,-2.9877,-0.453873,-0.118258,-1.847154,-0.289211
2020-04-01,-14.142248,-14.577821,10.4,-9.704,-0.795168,-0.490992,-4.015331,-0.416129
2020-05-01,1.640291,1.984382,-1.6,1.1027,-0.089873,-0.125763,1.657349,0.100106
2020-06-01,6.347249,3.421695,-2.2,4.3344,0.483579,0.164514,1.369163,0.315064
2020-07-01,3.678711,1.144,-0.8,2.6885,0.50835,0.577605,0.937019,0.294952
2020-08-01,0.973196,1.11828,-1.8,0.8089,0.37244,0.385584,0.671317,0.278828
2020-09-01,0.012505,0.671645,-0.6,0.1259,0.26227,0.190191,0.615702,0.178157
2020-10-01,0.801742,0.485523,-0.9,0.7185,0.123771,0.1386,0.510205,0.089435
2020-11-01,0.35311,0.191449,-0.2,0.4001,0.227155,0.250331,0.91186,0.101707
2020-12-01,1.311286,-0.129697,0.0,1.1266,0.433689,0.133254,1.103321,0.418095
2021-01-01,0.526453,0.220734,-0.3,0.5498,0.244696,0.017014,2.121965,0.422949
2021-02-01,-3.360058,0.361232,-0.2,-2.3676,0.338992,0.150043,2.792671,0.332006
2021-03-01,2.856579,0.592467,-0.1,2.2747,0.522951,0.245642,2.067743,0.518839
2021-04-01,0.175786,0.245829,0.0,0.2744,0.621927,0.807534,1.339821,0.525454
2021-05-01,0.883476,0.330052,-0.3,0.8094,0.661315,0.657412,3.161962,0.516237
2021-06-01,0.366809,0.519107,0.1,0.4057,0.842619,0.790435,1.762937,0.539333
2021-07-01,0.453086,0.643924,-0.5,0.4605,0.460413,0.358441,1.280538,0.455013
2021-08-01,-0.207893,0.375414,-0.3,-0.0664,0.283889,0.125169,0.672737,0.381858
2021-09-01,-1.192363,0.309742,-0.4,-0.8437,0.451531,0.250942,0.964848,0.327708
2021-10-01,1.334599,0.540591,-0.2,1.0967,0.959205,0.701862,2.010808,0.659435
2021-11-01,0.67575,0.441905,-0.4,0.5782,0.852978,0.615143,1.166727,0.664084
2021-12-01,-0.29071,0.391913,-0.2,-0.1933,0.68815,0.624006,-0.804338,0.617819
2022-01-01,-0.385539,0.126742,0.1,-0.2807,0.602784,0.551461,2.097287,0.545789
2022-02-01,0.617738,0.544493,-0.1,0.4897,0.69025,0.527278,2.487341,0.588663
2022-03-01,0.577953,0.324353,-0.2,0.4476,1.109464,0.271249,2.869076,0.875675
2022-04-01,0.048612,0.203342,0.0,0.0165,0.307861,0.503133,2.016348,0.299196
2022-05-01,-0.105043,0.198322,-0.1,-0.1194,0.94403,0.531776,2.949183,0.619095
2022-06-01,-0.311834,0.285262,0.0,-0.2965,1.248278,0.678029,2.529484,0.958816
2022-07-01,0.202728,0.467538,-0.1,0.0945,-0.014919,0.35238,-2.887672,-0.006002
2022-08-01,-0.125248,0.189274,0.1,-0.1766,0.062372,0.489164,-1.006985,0.278269
2022-09-01,0.193193,0.143349,-0.1,0.0649,0.42337,0.568633,-0.613275,0.354206
2022-10-01,-0.038411,0.232179,0.1,-0.1244,0.557916,0.392554,-1.064632,0.465809
2022-11-01,-0.294449,0.196638,0.0,-0.3299,0.261062,0.308809,-0.720918,0.258318
2022-12-01,-1.18454,0.064812,-0.1,-1.021,0.015394,0.355316,-2.019053,0.135245
2023-01-01,0.737602,0.280799,0.0,0.4676,0.529995,0.413221,0.899405,0.534116
2023-02-01,0.135821,0.187192,0.1,0.0068,0.342267,0.488164,-0.600507,0.294479
2023-03-01,0.375778,0.043843,-0.1,0.1958,0.122996,0.33614,-0.623195,0.141478
2023-04-01,0.229887,0.155229,-0.1,0.0844,0.3387,0.453505,-0.059926,0.344901
2023-05-01,-0.3209,0.180047,0.2,-0.3384,0.161339,0.364059,-1.268383,0.165764
2023-06-01,-0.804786,0.144446,0.0,-0.7029,0.223924,0.217542,0.074872,0.26515
2023-07-01,0.783086,0.104513,-0.1,0.5306,0.195523,0.206713,-0.009848,0.114487
2023-08-01,-0.066817,0.139608,0.2,-0.1185,0.482405,0.200472,1.503406,0.300526
2023-09-01,0.180125,0.099783,0.0,0.0787,0.389333,0.309296,0.48547,0.370479
2023-10-01,-0.548118,0.1016,0.2,-0.4785,0.136592,0.295179,-1.4557,0.053519
2023-11-01,0.392386,0.081078,-0.2,0.2491,0.14679,0.299752,-0.919605,0.007408
2023-12-01,-0.258901,0.098227,0.1,-0.2501,0.192255,0.256719,-1.189538,0.137362
2024-01-01,-1.382028,0.111504,-0.1,-1.1038,0.309489,0.358239,0.574655,0.467425
2024-02-01,1.065335,0.131097,0.2,0.7615,0.408917,0.395312,1.430199,0.300619
2024-03-01,0.171862,0.144898,0.0,0.0807,0.442155,0.388389,0.066272,0.358254
2024-04-01,-0.213352,0.040635,0.0,-0.2161,0.216832,0.270159,0.735445,0.245963
2024-05-01,0.616193,0.049502,0.0,0.4158,0.048547,0.140308,-0.650023,0.005675
2024-06-01,0.03073,0.055185,0.2,-0.0375,-0.041838,0.092697,0.235121,0.154727
2024-07-01,-0.91433,0.033604,0.1,-0.764,0.167568,0.172595,0.548288,0.159337
2024-08-01,0.454277,0.005705,0.0,0.2751,0.157099,0.253644,-0.724675,0.123574
2024-09-01,-0.621758,0.098204,-0.1,-0.5481,0.213106,0.306644,-1.09458,0.221727
2024-10-01,-0.340128,0.020896,0.0,-0.3364,0.285233,0.310991,0.157781,0.265425
2024-11-01,-0.178103,0.084804,0.1,-0.2171,0.28379,0.287405,0.051354,0.114799
2024-12-01,1.03678,0.149813,-0.1,0.697,0.339362,0.186402,0.08369,0.274021
